-- phpMyAdmin SQL Dump
-- version 4.7.9
-- https://www.phpmyadmin.net/
--
-- Hôte : 127.0.0.1:3306
-- Généré le :  ven. 24 mai 2019 à 03:12
-- Version du serveur :  5.7.21
-- Version de PHP :  5.6.35

SET SQL_MODE = "NO_AUTO_VALUE_ON_ZERO";
SET AUTOCOMMIT = 0;
START TRANSACTION;
SET time_zone = "+00:00";


/*!40101 SET @OLD_CHARACTER_SET_CLIENT=@@CHARACTER_SET_CLIENT */;
/*!40101 SET @OLD_CHARACTER_SET_RESULTS=@@CHARACTER_SET_RESULTS */;
/*!40101 SET @OLD_COLLATION_CONNECTION=@@COLLATION_CONNECTION */;
/*!40101 SET NAMES utf8mb4 */;

--
-- Base de données :  `voteelectronique`
--

-- --------------------------------------------------------

--
-- Structure de la table `bureau`
--

DROP TABLE IF EXISTS `bureau`;
CREATE TABLE IF NOT EXISTS `bureau` (
  `id` int(11) NOT NULL AUTO_INCREMENT,
  `centre_id` int(11) NOT NULL,
  `nom_bureau` varchar(255) DEFAULT NULL,
  PRIMARY KEY (`id`),
  KEY `fk_centre` (`centre_id`)
) ENGINE=MyISAM AUTO_INCREMENT=9 DEFAULT CHARSET=latin1;

--
-- Déchargement des données de la table `bureau`
--

INSERT INTO `bureau` (`id`, `centre_id`, `nom_bureau`) VALUES
(1, 1, 'Bureau I'),
(2, 1, 'Bureau II'),
(3, 1, 'Bureau III'),
(4, 1, 'Bureau IV'),
(5, 1, 'Bureau V'),
(6, 1, 'Bureau VI'),
(7, 2, 'Bureau I'),
(8, 2, 'Bureau II');

-- --------------------------------------------------------

--
-- Structure de la table `candidat`
--

DROP TABLE IF EXISTS `candidat`;
CREATE TABLE IF NOT EXISTS `candidat` (
  `id_Candidat` int(11) NOT NULL AUTO_INCREMENT,
  `nom` text CHARACTER SET utf8,
  `prenom` text CHARACTER SET utf8,
  `genre` text CHARACTER SET utf8,
  `sigle_parti` text CHARACTER SET utf8,
  `photo_Candidat` text CHARACTER SET utf8 COLLATE utf8_unicode_ci,
  PRIMARY KEY (`id_Candidat`)
) ENGINE=MyISAM AUTO_INCREMENT=18 DEFAULT CHARSET=latin1;

--
-- Déchargement des données de la table `candidat`
--

INSERT INTO `candidat` (`id_Candidat`, `nom`, `prenom`, `genre`, `sigle_parti`, `photo_Candidat`) VALUES
(1, 'DIALLO', 'Aliou', 'Masculin', 'ADPMALIBA', 'aliouboubacardiallo.jpg'),
(2, 'DIARRA', 'Cheick Modibo', 'Masculin', 'RpDM', 'cheickmodibo.jpg'),
(17, 'DEMBELE', 'Dramane', 'Masculin', 'ARDEMA', 'dramane.jpg'),
(6, 'SANGARE', 'Harouna', 'Masculin', 'MUM', 'harouna.jpg'),
(7, 'KEITA', 'Ibrahim Boubacar', 'Masculin', 'RPM', 'ibk.jpg'),
(10, 'SIDIBE', 'Modibo', 'Masculin', 'FARE ANKA WILI', 'modibosidibe.jpg'),
(11, 'TALL', 'Mountaga', 'Masculin', 'CNID', 'mountaga.jpg'),
(15, 'VOTE', 'Blanc', 'Feminin', 'VOTE BLANC', 'vote-blanc.png'),
(16, 'CISSE', 'Soumaila', 'Masculin', 'URD', 'soumailacisse.jpg');

-- --------------------------------------------------------

--
-- Structure de la table `centre`
--

DROP TABLE IF EXISTS `centre`;
CREATE TABLE IF NOT EXISTS `centre` (
  `id` int(11) NOT NULL AUTO_INCREMENT,
  `nom_centre` varchar(255) DEFAULT NULL,
  PRIMARY KEY (`id`)
) ENGINE=MyISAM AUTO_INCREMENT=3 DEFAULT CHARSET=latin1;

--
-- Déchargement des données de la table `centre`
--

INSERT INTO `centre` (`id`, `nom_centre`) VALUES
(1, 'Centre MPCIL1'),
(2, 'Centre LIL3');

-- --------------------------------------------------------

--
-- Structure de la table `circonscription`
--

DROP TABLE IF EXISTS `circonscription`;
CREATE TABLE IF NOT EXISTS `circonscription` (
  `id` int(11) NOT NULL,
  `NumeroBureauVote` int(11) NOT NULL,
  `Region` varchar(5) COLLATE utf8_unicode_ci NOT NULL,
  `Cercle` varchar(50) COLLATE utf8_unicode_ci NOT NULL,
  `Commune` varchar(50) COLLATE utf8_unicode_ci NOT NULL,
  `Village` varchar(50) COLLATE utf8_unicode_ci NOT NULL,
  `CentreVote` varchar(50) COLLATE utf8_unicode_ci NOT NULL,
  PRIMARY KEY (`id`)
) ENGINE=InnoDB DEFAULT CHARSET=utf8 COLLATE=utf8_unicode_ci;

-- --------------------------------------------------------

--
-- Structure de la table `electeur`
--

DROP TABLE IF EXISTS `electeur`;
CREATE TABLE IF NOT EXISTS `electeur` (
  `id_Electeur` int(11) NOT NULL AUTO_INCREMENT,
  `numElecteur` varchar(20) COLLATE utf8_unicode_ci DEFAULT NULL,
  `numMatricule` varchar(20) COLLATE utf8_unicode_ci DEFAULT NULL,
  `nom` varchar(100) COLLATE utf8_unicode_ci DEFAULT NULL,
  `prenom` varchar(150) COLLATE utf8_unicode_ci DEFAULT NULL,
  `date_naissance` text COLLATE utf8_unicode_ci,
  `lieu_naissance` varchar(50) COLLATE utf8_unicode_ci DEFAULT NULL,
  `pays_nationalite` varchar(50) COLLATE utf8_unicode_ci DEFAULT NULL,
  `parcours` varchar(20) COLLATE utf8_unicode_ci DEFAULT NULL,
  `statut` varchar(50) COLLATE utf8_unicode_ci DEFAULT NULL,
  `genre` varchar(20) COLLATE utf8_unicode_ci DEFAULT NULL,
  `etat` varchar(40) COLLATE utf8_unicode_ci NOT NULL DEFAULT 'PAS VOTER',
  `id_bureau` int(11) DEFAULT NULL,
  PRIMARY KEY (`id_Electeur`)
) ENGINE=InnoDB AUTO_INCREMENT=985 DEFAULT CHARSET=utf8 COLLATE=utf8_unicode_ci;

--
-- Déchargement des données de la table `electeur`
--

INSERT INTO `electeur` (`id_Electeur`, `numElecteur`, `numMatricule`, `nom`, `prenom`, `date_naissance`, `lieu_naissance`, `pays_nationalite`, `parcours`, `statut`, `genre`, `etat`, `id_bureau`) VALUES
(1, 'FST1718MA004782', NULL, 'BAGAYOKO', 'Samba danseni', '01-01-2001', ' Bamako', NULL, NULL, NULL, NULL, 'A VOTE', 1),
(2, 'FST1718MA005623', NULL, 'BAGAYOKO', 'Ousmane', '16-09-2001', ' Bamako', NULL, NULL, NULL, NULL, 'PAS VOTER', 1),
(3, 'FST1718MA005201', NULL, 'BENGALY', 'Salif', '02-12-1998', ' BAMAKO', NULL, NULL, NULL, NULL, 'A VOTE', 1),
(4, 'FST1718MA005018', NULL, 'BOLLY', 'Modibo', '04-10-2000', ' BAMAKO', NULL, NULL, NULL, NULL, 'PAS VOTER', 1),
(5, 'FST1718MA005115', NULL, 'CISSE', 'Abdoul salam', '31-12-1997', ' KORO', NULL, NULL, NULL, NULL, 'A VOTE', 1),
(6, 'FST1718MA004832', NULL, 'CISSOUMA', 'Bakary', '31-12-1999', ' Koutiala', NULL, NULL, NULL, NULL, 'PAS VOTER', 1),
(7, 'FST1718FA005956', NULL, 'COULIBALY', 'Hadjara', '19-05-2000', ' Bamako', NULL, NULL, NULL, NULL, 'PAS VOTER', 1),
(8, 'FST1718MA005027', NULL, 'DABO', 'Adama', '13-11-1999', ' Bamako', NULL, NULL, NULL, NULL, 'PAS VOTER', 1),
(9, 'FST1718MA004357', NULL, 'DABOU', 'Wamian', '31-12-1999', ' Sido', NULL, NULL, NULL, NULL, 'PAS VOTER', 1),
(10, 'FST1718MA005461', NULL, 'DAKOUO', 'Ademon', '31-12-1999', ' Bagadina Zangasso', NULL, NULL, NULL, NULL, 'PAS VOTER', 1),
(11, 'FST1718MA004280', NULL, 'DAOU', 'Ibrahim', '11-08-1999', ' Bamako', NULL, NULL, NULL, NULL, 'PAS VOTER', 1),
(12, 'FST1718MA005021', NULL, 'DEMBELE', 'Mahamadou', '12-10-1997', ' BAMAKO', NULL, NULL, NULL, NULL, 'PAS VOTER', 1),
(13, 'FST1718MA005093', NULL, 'DEMBELE', 'Madani', '04-12-1999', ' Bamako', NULL, NULL, NULL, NULL, 'PAS VOTER', 1),
(14, 'FST1617FA003445', NULL, 'DIAKITE', 'Sali', '06-04-1998', ' Bamako', NULL, NULL, NULL, NULL, 'PAS VOTER', 1),
(15, 'FST1718MA005761', NULL, 'DIAKITE', 'Bourama', '31-12-1997', ' Bamako', NULL, NULL, NULL, NULL, 'PAS VOTER', 1),
(16, 'FST1718MA005662', NULL, 'DIALLO', 'Batiedie', '07-11-1998', ' Niena', NULL, NULL, NULL, NULL, 'PAS VOTER', 1),
(17, 'FST1718MA004378', NULL, 'DIARISSO', 'Dama', '01-09-1999', ' Bamako', NULL, NULL, NULL, NULL, 'PAS VOTER', 1),
(18, 'FST1718MA005122', NULL, 'DIARRA', 'Oumar', '01-01-1998', ' Dougoukolobougou', NULL, NULL, NULL, NULL, 'PAS VOTER', 1),
(19, 'FST1718MA004356', NULL, 'DIARRA', 'Amadou O.', '18-11-1999', ' Bamako', NULL, NULL, NULL, NULL, 'PAS VOTER', 1),
(20, 'FST1718MA005710', NULL, 'DIARRA', 'Ousmane', '07-06-1998', ' BAMAKO', NULL, NULL, NULL, NULL, 'PAS VOTER', 1),
(21, 'FST1718MA004253', NULL, 'DIARRA', 'Hiromi Desire', '18-10-1999', ' Bamako', NULL, NULL, NULL, NULL, 'PAS VOTER', 1),
(22, 'FST1718MA005792', NULL, 'DIARRA', 'Adama', '18-12-2000', ' BAMAKO', NULL, NULL, NULL, NULL, 'PAS VOTER', 1),
(23, 'FST1718MA005409', NULL, 'DIAWARA', 'Harouna m', '31-12-1998', ' Dialafara', NULL, NULL, NULL, NULL, 'PAS VOTER', 1),
(24, 'FST1617MA003418', NULL, 'DRAME', 'Moussa', '28-03-1998', ' Sikasso', NULL, NULL, NULL, NULL, 'PAS VOTER', 1),
(25, 'FST1718MA005340', NULL, 'GOITA', 'Yaya', '05-04-2000', ' Bamako', NULL, NULL, NULL, NULL, 'PAS VOTER', 1),
(26, 'FST1718MA005917', NULL, 'KEITA', 'Ramata', '07-01-2000', ' BAMAKO', NULL, NULL, NULL, NULL, 'PAS VOTER', 1),
(27, 'FST1718MA005564', NULL, 'KEITA', 'Djibril. b', '07-01-1999', ' Bamako', NULL, NULL, NULL, NULL, 'PAS VOTER', 1),
(28, 'FST1718MA005276', NULL, 'KONATE', 'Adama', '31-12-1996', ' Doumba', NULL, NULL, NULL, NULL, 'PAS VOTER', 1),
(29, 'FST1718MA005600', NULL, 'KONATE', 'Issiaka', '07-10-1999', ' Bamako', NULL, NULL, NULL, NULL, 'PAS VOTER', 1),
(30, 'FST1718MA005391', NULL, 'LAMSANA', 'Mahamadou', '08-10-1994', ' Bamako', NULL, NULL, NULL, NULL, 'PAS VOTER', 1),
(31, 'FST1718MA005513', NULL, 'MAIGA', 'Issa harouna', '26-05-1999', ' Bamako', NULL, NULL, NULL, NULL, 'PAS VOTER', 1),
(32, 'FST1718MA006063', NULL, 'MAIGA', 'Moussa', '18-07-1998', ' Mopti', NULL, NULL, NULL, NULL, 'PAS VOTER', 1),
(33, 'FST1718MA005969', NULL, 'OUATTARA', 'Mohamed', '28-09-1999', ' Bamako', NULL, NULL, NULL, NULL, 'PAS VOTER', 1),
(34, 'FST1718MA005325', NULL, 'SAGARA', 'Cheick oumar', '16-07-1999', ' gao', NULL, NULL, NULL, NULL, 'PAS VOTER', 1),
(35, 'FST1718FA004986', NULL, 'SAMAKE', 'Fatoumata mamadou', '31-12-1998', ' Kenieba', NULL, NULL, NULL, NULL, 'PAS VOTER', 1),
(36, 'FST1718MA004599', NULL, 'SAMAKE', 'Sirama', '20-03-1999', ' Dio Gare', NULL, NULL, NULL, NULL, 'PAS VOTER', 1),
(37, 'FST1718MA004247', NULL, 'SANGARE', 'Bourama', '28-08-1998', ' KACOUMA', NULL, NULL, NULL, NULL, 'PAS VOTER', 1),
(38, 'FST1718FA004763', NULL, 'SANGARE', 'Binta', '22-06-1997', ' Bamako', NULL, NULL, NULL, NULL, 'PAS VOTER', 1),
(39, 'FST1718MA004577', NULL, 'SANKARE', 'Ibrahima', '09-12-1998', ' Mopti', NULL, NULL, NULL, NULL, 'PAS VOTER', 1),
(40, 'FST1718MA005613', NULL, 'SANOGO', 'Mohamed lamine', '13-08-1998', ' Bamako', NULL, NULL, NULL, NULL, 'PAS VOTER', 1),
(41, 'FST1718MA005411', NULL, 'SISSOKO', 'Drissa', '31-12-2000', ' Dialafara', NULL, NULL, NULL, NULL, 'PAS VOTER', 1),
(42, 'FST1617FA003553', NULL, 'SOGOBA', 'Bintou', '01-01-1995', ' Macina', NULL, NULL, NULL, NULL, 'PAS VOTER', 1),
(43, 'FST1718MA005851', NULL, 'SYLLA', 'Samba', '19-02-2000', ' Manantali', NULL, NULL, NULL, NULL, 'PAS VOTER', 1),
(44, 'FST1718MA005434', NULL, 'TOGOLA', 'Chaka', '22-07-2000', ' BAMAKO', NULL, NULL, NULL, NULL, 'PAS VOTER', 1),
(45, 'FST1617MA003735', NULL, 'TOLO', 'Aly', '07-09-1997', ' bamako', NULL, NULL, NULL, NULL, 'PAS VOTER', 1),
(46, 'FST1718MA005619', NULL, 'TOURE', 'Touba ibrahima', '28-09-1998', ' Koutiala', NULL, NULL, NULL, NULL, 'PAS VOTER', 1),
(47, 'FST1718MA004869', NULL, 'TRAORE', 'Balla moussa', '12-10-1999', ' Bamako', NULL, NULL, NULL, NULL, 'PAS VOTER', 1),
(48, 'FST1718MA004690', NULL, 'TRAORE', 'Sekou', '27-01-1995', ' Koulikoro', NULL, NULL, NULL, NULL, 'PAS VOTER', 1),
(49, 'FST1718MA005738', NULL, 'TRAORE', 'Ahmed Baidi', '22-10-2001', ' Riyadh', NULL, NULL, NULL, NULL, 'PAS VOTER', 1),
(50, 'FST1718FA005023', NULL, 'TRAORE', 'Yah', '19-01-2000', ' Bamako', NULL, NULL, NULL, NULL, 'PAS VOTER', 1),
(51, 'FST1819FA007507', NULL, 'COULIBALY', 'Youma dite gnecoro', '12-10-1999', ' Bamako', NULL, NULL, NULL, NULL, 'PAS VOTER', 1),
(52, 'FST1718MA004714', NULL, 'CAMARA', 'Habib', '06-03-1998', ' Bamako Point G', NULL, NULL, NULL, NULL, 'PAS VOTER', 1),
(53, 'FST1718MA005405', NULL, 'CISSE', 'Seydou', '24-03-1999', ' Trofladji', NULL, NULL, NULL, NULL, 'PAS VOTER', 1),
(54, 'FST1718FA005121', NULL, 'COULIBALY', 'Sourakamousso', '14-10-1998', ' Mopti', NULL, NULL, NULL, NULL, 'PAS VOTER', 1),
(55, 'FST1718MA005395', NULL, 'COULIBALY', 'Idrissa', '27-01-1998', ' Diago', NULL, NULL, NULL, NULL, 'PAS VOTER', 1),
(56, 'FST1718MA005388', NULL, 'DEMBELE', 'Yaya', '23-09-1997', ' Bamako', NULL, NULL, NULL, NULL, 'PAS VOTER', 1),
(57, 'FST1718MA005141', NULL, 'DEMBELE', 'Sirakoro adama', '26-03-1998', ' Bougouni', NULL, NULL, NULL, NULL, 'PAS VOTER', 1),
(58, 'FST1718MA005000', NULL, 'DEMBELE', 'Aboubacar', '18-12-1995', ' TENEGUE N10', NULL, NULL, NULL, NULL, 'PAS VOTER', 1),
(59, 'FST1718MA005904', NULL, 'DIABATE', 'Seydou', '17-06-1997', ' KOROFINA', NULL, NULL, NULL, NULL, 'PAS VOTER', 1),
(60, 'FST1718MA004311', NULL, 'DIAKITE', 'Gaoussou', '29-07-1998', ' Bamako', NULL, NULL, NULL, NULL, 'PAS VOTER', 1),
(61, 'FST1718FA005861', NULL, 'DIAKITE', 'Aichatou', '02-02-1998', ' segou', NULL, NULL, NULL, NULL, 'PAS VOTER', 1),
(62, 'FST78MA004646', NULL, 'DIALLO', 'Daba', '01-07-1998', ' Bamako', NULL, NULL, NULL, NULL, 'PAS VOTER', 1),
(63, 'FST1718MA006046', NULL, 'DIALLO', 'Bougadary', '31-12-1999', ' Bamako', NULL, NULL, NULL, NULL, 'PAS VOTER', 1),
(64, 'FST1718MA005579', NULL, 'DIALLO', 'Amadou', '13-04-1999', ' Bamako', NULL, NULL, NULL, NULL, 'PAS VOTER', 1),
(65, 'FST78FA004641', NULL, 'DIARRA', 'Mariam', '16-08-1999', ' Koutiala', NULL, NULL, NULL, NULL, 'PAS VOTER', 1),
(66, 'FST1718MA004927', NULL, 'DIARRA', 'Bah soumala', '22-04-1997', ' banco', NULL, NULL, NULL, NULL, 'PAS VOTER', 1),
(67, 'FST1718MA005467', NULL, 'DIARRA', 'Baba', '20-04-1997', ' KOLOKANI', NULL, NULL, NULL, NULL, 'PAS VOTER', 1),
(68, 'FST1718MA005287', NULL, 'DIARRA', 'Issa', '31-12-1996', ' Tingole', NULL, NULL, NULL, NULL, 'PAS VOTER', 1),
(69, 'FST1718MA004666', NULL, 'DIASSANA', 'Massi', '31-12-1998', ' Beni-Bokuy', NULL, NULL, NULL, NULL, 'PAS VOTER', 1),
(70, 'FST1718MA005475', NULL, 'DJIMDE', 'Allowo', '31-12-1997', ' Kini-Ourodourou', NULL, NULL, NULL, NULL, 'PAS VOTER', 1),
(71, 'FST1718MA005940', NULL, 'DOUMBIA', 'Salifou', '04-05-2000', ' DARSALAM', NULL, NULL, NULL, NULL, 'PAS VOTER', 1),
(72, 'FST1718MA005457', NULL, 'DOUMBIA', 'Bourama', '19-05-1994', ' Bamako', NULL, NULL, NULL, NULL, 'PAS VOTER', 1),
(73, 'FST1718MA005729', NULL, 'KALAPO', 'Moussa', '31-07-2000', ' Bamako', NULL, NULL, NULL, NULL, 'PAS VOTER', 1),
(74, 'FST1718MA005535', NULL, 'KAMATE', 'Sina', '31-12-1996', ' Ouan', NULL, NULL, NULL, NULL, 'PAS VOTER', 1),
(75, 'FST1718FA004871', NULL, 'KANE', 'Fatoumata', '19-12-1999', ' Bamako', NULL, NULL, NULL, NULL, 'PAS VOTER', 1),
(76, 'FST1718MA005888', NULL, 'KEITA', 'Oumar', '24-01-1998', ' Bamako', NULL, NULL, NULL, NULL, 'PAS VOTER', 1),
(77, 'FST1718FA005902', NULL, 'KEITA', 'Saran', '14-02-1999', ' Medina Coura', NULL, NULL, NULL, NULL, 'PAS VOTER', 1),
(78, 'FST1718MA004963', NULL, 'KEITA', 'Mohamed lagdaf', '18-10-1999', ' Bamako', NULL, NULL, NULL, NULL, 'PAS VOTER', 1),
(79, 'FST1718MA004823', NULL, 'KOLOMA', 'Mamourou', '31-12-1997', ' Soungoulasso', NULL, NULL, NULL, NULL, 'PAS VOTER', 1),
(80, 'FST1718MA005206', NULL, 'KONATE', 'Issa', '14-04-2000', ' Bamako', NULL, NULL, NULL, NULL, 'PAS VOTER', 1),
(81, 'FST1718MA004843', NULL, 'KONATE', 'Lassina', '22-04-1999', ' mahina', NULL, NULL, NULL, NULL, 'PAS VOTER', 1),
(82, 'FST1718MA005567', NULL, 'KONE', 'Abdoul Kader', '20-12-1997', ' Bobodjoulasso', NULL, NULL, NULL, NULL, 'PAS VOTER', 1),
(83, 'FST1718MA004318', NULL, 'KONE', 'Adama Bakary', '22-01-1996', ' Narinbougou', NULL, NULL, NULL, NULL, 'PAS VOTER', 1),
(84, 'FST1718MA004829', NULL, 'KOUMARE', 'Ahamadou', '19-03-1999', ' Sikasso', NULL, NULL, NULL, NULL, 'PAS VOTER', 1),
(85, 'FST1718MA005873', NULL, 'MAGUIRAGA', 'Cheick Oumar', '17-01-2000', ' Nioro du Sahel', NULL, NULL, NULL, NULL, 'PAS VOTER', 1),
(86, 'FST1718MA005896', NULL, 'MAIGA', 'Alhadj arafa', '23-01-1998', ' Port-Bouet', NULL, NULL, NULL, NULL, 'PAS VOTER', 1),
(87, 'FST1718MA004726', NULL, 'MARIKO', 'Hamidou', '31-12-1998', ' Dioila', NULL, NULL, NULL, NULL, 'PAS VOTER', 1),
(88, 'FST1718MA004799', NULL, 'NDIAYE', 'Ali', '02-05-1996', ' Bangui', NULL, NULL, NULL, NULL, 'PAS VOTER', 1),
(89, 'FST1718MA005316', NULL, 'OUATTARA', 'Mahamadou', '01-11-1998', ' bamako', NULL, NULL, NULL, NULL, 'PAS VOTER', 1),
(90, 'FST78MA004634', NULL, 'SANOGO', 'Aboudramane', '08-02-1996', ' Sikasso', NULL, NULL, NULL, NULL, 'PAS VOTER', 1),
(91, 'FST1718MA004861', NULL, 'SERY', 'Adama', '31-12-1999', ' Baye', NULL, NULL, NULL, NULL, 'PAS VOTER', 1),
(92, 'FST1718MA006081', NULL, 'SIDIBE', 'Ibrahima', '13-08-1999', ' Bamako', NULL, NULL, NULL, NULL, 'PAS VOTER', 1),
(93, 'FST1718MA005673', NULL, 'SOGODOGO', 'Adama', '31-12-1998', ' Kambergue', NULL, NULL, NULL, NULL, 'PAS VOTER', 1),
(94, 'FST1718MA004348', NULL, 'SYLLA', 'Mahamadou', '09-04-1996', ' Bamako', NULL, NULL, NULL, NULL, 'PAS VOTER', 1),
(95, 'FST1718MA005171', NULL, 'TOGOLA', 'Molobaly dit bebe', '23-04-1998', ' Bamako', NULL, NULL, NULL, NULL, 'PAS VOTER', 1),
(96, 'FST1718MA004943', NULL, 'TOLOFOUDIE', 'Modibo', '05-05-1996', ' Dilly', NULL, NULL, NULL, NULL, 'PAS VOTER', 1),
(97, 'FST1718MA005733', NULL, 'TRAORE', 'Mahamadou', '02-02-1998', ' Koutiala', NULL, NULL, NULL, NULL, 'PAS VOTER', 1),
(98, 'FST1718MA005356', NULL, 'TRAORE', 'Adama', '15-07-1999', ' bamako', NULL, NULL, NULL, NULL, 'PAS VOTER', 1),
(99, 'FST1718MA005105', NULL, 'TRAORE', 'Ismaila', '31-10-1997', ' Bamako', NULL, NULL, NULL, NULL, 'PAS VOTER', 1),
(100, 'FST1718MA005527', NULL, 'WAGUE', 'Zoumana', '02-02-1999', ' Bamako', NULL, NULL, NULL, NULL, 'PAS VOTER', 1),
(101, 'FST1718MA005863', NULL, 'YALCOUYE', 'Bourahima', '06-07-1999', ' Bamako', NULL, NULL, NULL, NULL, 'PAS VOTER', 1),
(102, 'FST1819MA006228', NULL, 'BAKAYOKO DIT KONATE', 'Moussa', '05-11-2000', ' Tombouctou', NULL, NULL, NULL, NULL, 'PAS VOTER', 1),
(103, 'FST1819FA006251', NULL, 'BAYA', 'Sogoba', '18-07-1998', ' Fangasso', NULL, NULL, NULL, NULL, 'PAS VOTER', 1),
(104, 'FST1819MA006556', NULL, 'BOIRE', 'Alou', '18-12-2000', ' DIABALY', NULL, NULL, NULL, NULL, 'PAS VOTER', 1),
(105, 'FST1819FA006353', NULL, 'CAMARA', 'Marietou', '14-02-2001', ' Bamako', NULL, NULL, NULL, NULL, 'PAS VOTER', 1),
(106, 'FST1819FA006336', NULL, 'COULIBALY', 'Awa', '24-06-2002', ' Koutiala', NULL, NULL, NULL, NULL, 'PAS VOTER', 1),
(107, 'FST1819MA006966', NULL, 'DEMBELE', 'Yaya', '04-03-1997', ' Bamako', NULL, NULL, NULL, NULL, 'PAS VOTER', 1),
(108, 'FST1819MA006887', NULL, 'DIALLO', 'Moussa', '02-07-1998', ' Mopti', NULL, NULL, NULL, NULL, 'PAS VOTER', 1),
(109, 'FST1819MA007061', NULL, 'DJENEPO', 'Sinaly', '01-09-2000', ' Macina', NULL, NULL, NULL, NULL, 'PAS VOTER', 1),
(110, 'FST1819MA006454', NULL, 'DOUMBIA', 'Abdoul JAafar', '30-01-2002', ' LASACOBA BAMAKO', NULL, NULL, NULL, NULL, 'PAS VOTER', 1),
(111, 'FST1819MA007017', NULL, 'FAYE', 'Mohamed', '16-09-1999', ' Bamako', NULL, NULL, NULL, NULL, 'PAS VOTER', 1),
(112, 'FST1819MA006453', NULL, 'GAMBY', 'Alou', '31-12-1999', ' LERE C NIAFUNKE', NULL, NULL, NULL, NULL, 'PAS VOTER', 1),
(113, 'FST1819MA006951', NULL, 'GOITA', 'Moussa Metanga', '16-11-1999', ' Kayes', NULL, NULL, NULL, NULL, 'PAS VOTER', 1),
(114, 'FST1819MA007301', NULL, 'KANTE', 'Kama', '20-07-1995', ' Farincoumda', NULL, NULL, NULL, NULL, 'PAS VOTER', 1),
(115, 'FST1819FA006968', NULL, 'KONE', 'Safiatou', '04-11-1999', ' Pingoroni', NULL, NULL, NULL, NULL, 'PAS VOTER', 1),
(116, 'FST1819MA007364', NULL, 'KOUMA', 'Sory', '01-01-1999', ' Djeni', NULL, NULL, NULL, NULL, 'PAS VOTER', 1),
(117, 'FST1819MA006599', NULL, 'NANTOUME', 'Andre', '18-12-1998', ' Bamako', NULL, NULL, NULL, NULL, 'PAS VOTER', 1),
(118, 'FST1819MA006845', NULL, 'OUOLOGUEM', 'Issiaka Moussa', '08-02-1998', ' Sevare', NULL, NULL, NULL, NULL, 'PAS VOTER', 1),
(119, 'FST1819MA006715', NULL, 'SAGO', 'Souleymane', '26-06-1999', ' Mopti', NULL, NULL, NULL, NULL, 'PAS VOTER', 1),
(120, 'FST1819MA006382', NULL, 'SANGOH', 'Hamadian', '09-09-1999', ' Sevare', NULL, NULL, NULL, NULL, 'PAS VOTER', 1),
(121, 'FST1819MA006971', NULL, 'SANOGO', 'Zimongo zie', '10-01-2000', ' Bamako', NULL, NULL, NULL, NULL, 'PAS VOTER', 1),
(122, 'FST1819MA006223', NULL, 'SANOGO', 'Yacouba Youssouf', '31-12-1998', ' Kadiolo', NULL, NULL, NULL, NULL, 'PAS VOTER', 1),
(123, 'FST1819MA006756', NULL, 'SIDIBE', 'Becaye', '16-05-1999', ' Bamako', NULL, NULL, NULL, NULL, 'PAS VOTER', 1),
(124, 'FST1819MA006482', NULL, 'SISSOKO', 'Alfousseny', '20-01-2000', ' Kenieba', NULL, NULL, NULL, NULL, 'PAS VOTER', 1),
(125, 'FST1819MA006554', NULL, 'SISSOKO', 'Bourema', '23-05-1998', ' Oussoubidiagna', NULL, NULL, NULL, NULL, 'PAS VOTER', 1),
(126, 'FST1819MA006585', NULL, 'SYLLA', 'Tidiani', '09-01-1999', ' Bamako', NULL, NULL, NULL, NULL, 'PAS VOTER', 1),
(127, 'FST1819MA006558', NULL, 'TRAORE', 'Yeli', '14-08-2000', ' Bamako', NULL, NULL, NULL, NULL, 'PAS VOTER', 1),
(128, 'FST1819MA006602', NULL, 'TRAORE', 'Doyiri', '01-01-1997', ' FOURA', NULL, NULL, NULL, NULL, 'PAS VOTER', 1),
(129, 'FST1819MA006773', NULL, 'BERTHE', 'Souleymane', '18-10-2000', ' Bamako', NULL, NULL, NULL, NULL, 'PAS VOTER', 1),
(130, 'FST1819MA007395', NULL, 'BOLY', 'Bacary Amadou', '16-04-1996', ' Bamako', NULL, NULL, NULL, NULL, 'PAS VOTER', 1),
(131, 'FST1819MA006472', NULL, 'BOUARE', 'Nouhoum Dit Bakoroba', '26-11-1998', ' Bamako', NULL, NULL, NULL, NULL, 'PAS VOTER', 1),
(132, 'FST1819MA006484', NULL, 'COULIBALY', 'Oumar farouk', '24-03-2000', ' Sikasso', NULL, NULL, NULL, NULL, 'PAS VOTER', 1),
(133, 'FST1819MA006843', NULL, 'COULIBALY', 'Ichiaka', '08-03-2000', ' Ouezzindougou', NULL, NULL, NULL, NULL, 'PAS VOTER', 1),
(134, 'FST1819MC007458', NULL, 'COULIBALY BABOYE', 'Abdou', '11-01-1998', ' Pointe-Noire', NULL, NULL, NULL, NULL, 'PAS VOTER', 1),
(135, 'FST1819MB007276', NULL, 'DIABY', 'Amadou', '13-04-1997', ' Kiban', NULL, NULL, NULL, NULL, 'PAS VOTER', 1),
(136, 'FST1819MA006987', NULL, 'DIALLO', 'Mohamed', '09-10-1999', ' Bamako', NULL, NULL, NULL, NULL, 'PAS VOTER', 1),
(137, 'FST1819MA006766', NULL, 'DIALLO', 'Hamadi', '12-07-1999', ' Ouelessebougou', NULL, NULL, NULL, NULL, 'PAS VOTER', 1),
(138, 'FST1819MA006304', NULL, 'DIAWARA', 'Amadou', '13-06-2000', ' Libreville', NULL, NULL, NULL, NULL, 'PAS VOTER', 1),
(139, 'FST1819MA006866', NULL, 'DJIGUIBA', 'Ambobi', '01-01-1999', ' Djombolo', NULL, NULL, NULL, NULL, 'PAS VOTER', 1),
(140, 'FST1819MA007104', NULL, 'DOUCOURE', 'Sekou', '07-06-1998', ' Niono', NULL, NULL, NULL, NULL, 'PAS VOTER', 1),
(141, 'FST1819MA006765', NULL, 'KIMIS', 'Mohamed Addil', '04-09-1997', ' Niono', NULL, NULL, NULL, NULL, 'PAS VOTER', 1),
(142, 'FST1819MA006542', NULL, 'KONE', 'Moussa Pascal', '09-04-2001', ' Bamako', NULL, NULL, NULL, NULL, 'PAS VOTER', 1),
(143, 'FST1819MA007013', NULL, 'OUATTARA', 'Zan francisco xavier', '09-05-2001', ' Sikasso', NULL, NULL, NULL, NULL, 'PAS VOTER', 1),
(144, 'FST1819MA006764', NULL, 'SACKO', 'Djibril', '14-10-1999', ' Madiga-Sacko', NULL, NULL, NULL, NULL, 'PAS VOTER', 1),
(145, 'FST1819MA007291', NULL, 'SOW', 'Ila', '04-01-1999', ' Mopti', NULL, NULL, NULL, NULL, 'PAS VOTER', 1),
(146, 'FST1819MA007039', NULL, 'SYLLA', 'Souleymane', '12-10-2000', ' Bamako', NULL, NULL, NULL, NULL, 'PAS VOTER', 1),
(147, 'FST1819MA006348', NULL, 'SYLLA', 'Abdoul karim', '26-04-2000', ' Bamako', NULL, NULL, NULL, NULL, 'PAS VOTER', 1),
(148, 'FST1819FA006244', NULL, 'TOURE', 'Fatoumata', '27-11-2000', ' Bamako', NULL, NULL, NULL, NULL, 'PAS VOTER', 1),
(149, 'FST1819MA006746', NULL, 'TRAORE', 'Kalilou daouda', '01-06-2000', ' Sikasso', NULL, NULL, NULL, NULL, 'PAS VOTER', 2),
(150, 'FST1819MA007127', NULL, 'TRAORE', 'Gagny', '18-06-1999', ' Libreville', NULL, NULL, NULL, NULL, 'PAS VOTER', 2),
(151, 'FST1819MA007136', NULL, 'TRAORE', 'Botier Dit Soumaila', '04-04-2000', ' Bamako', NULL, NULL, NULL, NULL, 'PAS VOTER', 2),
(152, 'FST1819MA006188', NULL, 'COULIBALY', 'Karim', '17-03-2002', ' Bamako', NULL, NULL, NULL, NULL, 'PAS VOTER', 2),
(153, 'FST1819MA007056', NULL, 'COULIBALY', 'Yacouba S.', '31-12-1999', ' Kokry-Centre', NULL, NULL, NULL, NULL, 'PAS VOTER', 2),
(154, 'FST1819MA006863', NULL, 'DAKOUO', 'Nouhouzo', '01-01-2000', ' Touba', NULL, NULL, NULL, NULL, 'PAS VOTER', 2),
(155, 'FST1819MA007347', NULL, 'DAOU', 'Ibrahima', '06-03-2001', ' Bamako', NULL, NULL, NULL, NULL, 'PAS VOTER', 2),
(156, 'FST1819MA006895', NULL, 'DATT', 'Abdramane', '04-10-2000', ' Kayes', NULL, NULL, NULL, NULL, 'PAS VOTER', 2),
(157, 'FST1819MA006580', NULL, 'DIA', 'Ousmane', '23-09-2000', ' Sadiola', NULL, NULL, NULL, NULL, 'PAS VOTER', 2),
(158, 'FST1819MA006388', NULL, 'DIABATE', 'Kassim', '15-12-2001', ' Bamako', NULL, NULL, NULL, NULL, 'PAS VOTER', 2),
(159, 'FST1819MA006568', NULL, 'DIAKITE', 'Sidiya', '26-05-1999', ' BAMAKO', NULL, NULL, NULL, NULL, 'PAS VOTER', 2),
(160, 'FST1819MA007166', NULL, 'DIAKITE', 'Ibourahima', '11-08-1994', ' Bamako', NULL, NULL, NULL, NULL, 'PAS VOTER', 2),
(161, 'FST1819MA006227', NULL, 'DIALLO', 'Daouda', '12-08-2001', ' Bamako', NULL, NULL, NULL, NULL, 'PAS VOTER', 2),
(162, 'FST1819MA006796', NULL, 'DIALLO', 'Issa', '27-01-1997', ' Bamako', NULL, NULL, NULL, NULL, 'PAS VOTER', 2),
(163, 'FST1819MA006590', NULL, 'DIALLO', 'Abdoulaye', '14-07-1995', ' Dougoufing', NULL, NULL, NULL, NULL, 'PAS VOTER', 2),
(164, 'FST1819MA006673', NULL, 'DICKO', 'Mahamadou', '23-02-1999', ' Macina', NULL, NULL, NULL, NULL, 'PAS VOTER', 2),
(165, 'FST1819MA006488', NULL, 'DOUMBIA', 'Ali', '16-08-1997', ' Koutiala', NULL, NULL, NULL, NULL, 'PAS VOTER', 2),
(166, 'FST1819FA007356', NULL, 'DOUMBIA', 'Zantigui M', '22-03-2000', ' BAMAKO', NULL, NULL, NULL, NULL, 'PAS VOTER', 2),
(167, 'FST1819MA006338', NULL, 'DOUMBIA', 'Chaba', '24-08-2001', ' Bamako', NULL, NULL, NULL, NULL, 'PAS VOTER', 2),
(168, 'FST1819MA007382', NULL, 'FOFANA', 'Hady', '25-12-1999', ' Bamako', NULL, NULL, NULL, NULL, 'PAS VOTER', 2),
(169, 'FST1819MA006929', NULL, 'HAIDARA', 'Sayid', '05-11-2000', ' Bamako', NULL, NULL, NULL, NULL, 'PAS VOTER', 2),
(170, 'FST1819MA007174', NULL, 'IBRINGO', 'Younoussa', '31-12-1999', ' Zon', NULL, NULL, NULL, NULL, 'PAS VOTER', 2),
(171, 'FST1819MA006860', NULL, 'KASSOGUE', 'Moise Ouanama', '05-04-1997', ' Mopti', NULL, NULL, NULL, NULL, 'PAS VOTER', 2),
(172, 'FST1819MA006526', NULL, 'KEITA', 'Bolokoun', '31-12-2001', ' Karo', NULL, NULL, NULL, NULL, 'PAS VOTER', 2),
(173, 'FST1819MA006393', NULL, 'KONE', 'Dramane', '04-03-2000', ' Bobola-Zangasso', NULL, NULL, NULL, NULL, 'PAS VOTER', 2),
(174, 'FST1819MA006928', NULL, 'KORKA', 'Lassine', '11-12-1998', ' San', NULL, NULL, NULL, NULL, 'PAS VOTER', 2),
(175, 'FST1819MA007027', NULL, 'KOROKOSSI', 'Modibo', '23-08-1995', ' DIABA', NULL, NULL, NULL, NULL, 'PAS VOTER', 2),
(176, 'FST1819MA006221', NULL, 'MAIGA', 'Hamadoun Hamidou', '06-03-2002', ' Tombouctou', NULL, NULL, NULL, NULL, 'PAS VOTER', 2),
(177, 'FST1819MA006297', NULL, 'MAIGA', 'Aliou Ibrahim', '17-10-1999', ' Nara', NULL, NULL, NULL, NULL, 'PAS VOTER', 2),
(178, 'FST1819MA006356', NULL, 'MARIKO', 'Mohamed moustapha', '04-03-2001', ' Kati', NULL, NULL, NULL, NULL, 'PAS VOTER', 2),
(179, 'FST1819MA006295', NULL, 'SACKO', 'Mahamadou', '02-08-2000', ' Libreville', NULL, NULL, NULL, NULL, 'PAS VOTER', 2),
(180, 'FST1819MA006649', NULL, 'SAMAKE', 'Mahe Cheick Oumar', '09-03-1999', ' Sintela', NULL, NULL, NULL, NULL, 'PAS VOTER', 2),
(181, 'FST1819MA007340', NULL, 'SANOGO', 'Hamidou', '10-01-1998', ' BAMAKO', NULL, NULL, NULL, NULL, 'PAS VOTER', 2),
(182, 'FST1819MA007047', NULL, 'SISSOKO', 'Dioukamady', '28-04-2002', ' Bamako', NULL, NULL, NULL, NULL, 'PAS VOTER', 2),
(183, 'FST1819MA007021', NULL, 'SOGOBA', 'Abdrahamane', '04-01-1998', ' Macina', NULL, NULL, NULL, NULL, 'PAS VOTER', 2),
(184, 'FST1819MA006351', NULL, 'SOUMAORO', 'Mamadou', '12-10-2000', ' Kayes', NULL, NULL, NULL, NULL, 'PAS VOTER', 2),
(185, 'FST1819MA006612', NULL, 'SOUNKORO', 'Oumar', '04-01-1998', ' DJENNE', NULL, NULL, NULL, NULL, 'PAS VOTER', 2),
(186, 'FST1819FA006752', NULL, 'SOW', 'Oumou', '16-06-1998', ' Djenne', NULL, NULL, NULL, NULL, 'PAS VOTER', 2),
(187, 'FST1819MA007030', NULL, 'SOW', 'Seydou', '11-12-1999', ' BAMAKO', NULL, NULL, NULL, NULL, 'PAS VOTER', 2),
(188, 'FST1819MA007215', NULL, 'SY', 'Mohamed L D', '28-06-1999', ' Same Ouolof', NULL, NULL, NULL, NULL, 'PAS VOTER', 2),
(189, 'FST1819MA006750', NULL, 'TEMBINE', 'Jean', '09-02-2000', ' Kendie', NULL, NULL, NULL, NULL, 'PAS VOTER', 2),
(190, 'FST1819MA007251', NULL, 'TRAORE', 'Youssouf', '16-03-1999', ' Koro', NULL, NULL, NULL, NULL, 'PAS VOTER', 2),
(191, 'FST1819MA006784', NULL, 'TRAORE', 'Sidiki', '11-09-1998', ' Sikasso', NULL, NULL, NULL, NULL, 'PAS VOTER', 2),
(192, 'FST1819MA006813', NULL, 'TRAORE', 'Yacouba', '30-12-1998', ' Torodo', NULL, NULL, NULL, NULL, 'PAS VOTER', 2),
(193, 'FST1819MA006562', NULL, 'TRAORE', 'Yaya', '20-11-1999', ' Bamako', NULL, NULL, NULL, NULL, 'PAS VOTER', 2),
(194, 'FST1819MA007411', NULL, 'COULIBALY', 'Mamadou ndji', '27-02-2000', ' Sikasso', NULL, NULL, NULL, NULL, 'PAS VOTER', 2),
(195, 'FST1819MA007480', NULL, 'KASSAMBARA', 'Bocar', '31-10-2001', ' Bamako', NULL, NULL, NULL, NULL, 'PAS VOTER', 2),
(196, 'FST1819FA007478', NULL, 'TRAORE', 'Kanou', '12-02-2001', ' Bamako', NULL, NULL, NULL, NULL, 'PAS VOTER', 2),
(197, 'FST1617MA003695', NULL, 'BOUARE', 'Gaoussou', '11-04-1997', ' Bamako', NULL, NULL, NULL, NULL, 'PAS VOTER', 2),
(198, 'FST1819FA006501', NULL, 'BAGAYOKO', 'Fatoumata', '31-12-1998', ' San', NULL, NULL, NULL, NULL, 'PAS VOTER', 2),
(199, 'FST1819MA006179', NULL, 'CISSE', 'Soumaila', '31-12-1999', ' Sevare', NULL, NULL, NULL, NULL, 'PAS VOTER', 2),
(200, 'FST1819FA006537', NULL, 'CISSE', 'Doussou', '07-06-2000', ' Bamako', NULL, NULL, NULL, NULL, 'PAS VOTER', 2),
(201, 'FST1819MA006205', NULL, 'COULIBALY', 'Aboubacar Diaby', '20-03-2001', ' Bamako', NULL, NULL, NULL, NULL, 'PAS VOTER', 2),
(202, 'FST1819FA007122', NULL, 'COULIBALY', 'Nango', '08-09-2001', ' Ouelessebougou', NULL, NULL, NULL, NULL, 'PAS VOTER', 2),
(203, 'FST1819MA006725', NULL, 'DAOU', 'Zoumana', '05-03-1997', ' Bobola-Zangasso', NULL, NULL, NULL, NULL, 'PAS VOTER', 2),
(204, 'FST1819MA006666', NULL, 'DEMBELE', 'Modibo', '11-10-1998', ' Konseguela', NULL, NULL, NULL, NULL, 'PAS VOTER', 2),
(205, 'FST1819MA006927', NULL, 'DEMBELE', 'Innoncent', '31-12-1998', ' TIOU TIOU', NULL, NULL, NULL, NULL, 'PAS VOTER', 2),
(206, 'FST1819MA006553', NULL, 'DIAKITE', 'Malick', '20-09-1999', ' Bamako', NULL, NULL, NULL, NULL, 'PAS VOTER', 2),
(207, 'FST1819FA006349', NULL, 'DIAKITE', 'Dicko', '08-09-2000', ' KOUTIALA', NULL, NULL, NULL, NULL, 'PAS VOTER', 2),
(208, 'FST1819MA007048', NULL, 'DIALLO', 'Aboubacar Ely', '24-05-1997', ' Koutiala', NULL, NULL, NULL, NULL, 'PAS VOTER', 2),
(209, 'FST1819MA006544', NULL, 'DIALLO', 'Lohoron', '30-12-1998', ' KEROUANE', NULL, NULL, NULL, NULL, 'PAS VOTER', 2),
(210, 'FST1819MA006802', NULL, 'DIALLO', 'Dahirou', '25-03-2002', ' Bamako', NULL, NULL, NULL, NULL, 'PAS VOTER', 2),
(211, 'FST1819MA006681', NULL, 'DIARRA', 'Niankoro', '31-12-2001', ' MOUTIGUE', NULL, NULL, NULL, NULL, 'PAS VOTER', 2),
(212, 'FST1819MA006609', NULL, 'DIARRA', 'Sekou', '25-01-2000', ' Bamako', NULL, NULL, NULL, NULL, 'PAS VOTER', 2),
(213, 'FST1819MA006610', NULL, 'DIAW', 'Mamadou idrissa', '26-07-1999', ' Bamako', NULL, NULL, NULL, NULL, 'PAS VOTER', 2),
(214, 'FST1819FA006919', NULL, 'DIAWARA', 'Djenebou', '22-10-2001', ' Bamako', NULL, NULL, NULL, NULL, 'PAS VOTER', 2),
(215, 'FST1819FA007219', NULL, 'DIENTA', 'Aminata', '24-07-2001', ' Zegoua', NULL, NULL, NULL, NULL, 'PAS VOTER', 2),
(216, 'FST1819FA006262', NULL, 'DJIRE', 'Aicha', '16-02-2000', ' Segou', NULL, NULL, NULL, NULL, 'PAS VOTER', 2),
(217, 'FST1819MA006701', NULL, 'DONOGO', 'Youssouf', '01-01-1998', ' Welintiguila', NULL, NULL, NULL, NULL, 'PAS VOTER', 2),
(218, 'FST1819MA006792', NULL, 'DOUCOURE', 'Kissima', '14-04-2001', ' Bamako', NULL, NULL, NULL, NULL, 'PAS VOTER', 2),
(219, 'FST1819MA006923', NULL, 'DRAME', 'Issa', '25-12-2001', ' Bamako', NULL, NULL, NULL, NULL, 'PAS VOTER', 2),
(220, 'FST1819MA006307', NULL, 'GARIKO', 'Ousmane Amadou', '06-01-1999', ' Forgho Sonrhai (Gao)', NULL, NULL, NULL, NULL, 'PAS VOTER', 2),
(221, 'FST1819MA006607', NULL, 'KASSE', 'Mafoune', '30-01-1999', ' DJENNE', NULL, NULL, NULL, NULL, 'PAS VOTER', 2),
(222, 'FST1819FA006214', NULL, 'KEITA', 'Djenebou', '07-12-1999', ' San', NULL, NULL, NULL, NULL, 'PAS VOTER', 2),
(223, 'FST1819FA007246', NULL, 'KONATE', 'Ramatou', '31-10-1998', ' Bamako', NULL, NULL, NULL, NULL, 'PAS VOTER', 2),
(224, 'FST1819MA007184', NULL, 'KOULIBALY', 'Aboubacar', '28-10-1999', ' Brazzavile', NULL, NULL, NULL, NULL, 'PAS VOTER', 2),
(225, 'FST1819MA006332', NULL, 'KOUYATE', 'Sekou hamalla', '07-01-2002', ' Bamako', NULL, NULL, NULL, NULL, 'PAS VOTER', 2),
(226, 'FST1819FA006479', NULL, 'MAIGA', 'Marietou Ousmane', '15-05-1998', ' GAO', NULL, NULL, NULL, NULL, 'PAS VOTER', 2),
(227, 'FST1819MA006459', NULL, 'MARIKO', 'Salia', '01-01-2001', ' Dembela', NULL, NULL, NULL, NULL, 'PAS VOTER', 2),
(228, 'FST1819FA006506', NULL, 'ONOGO', 'Zeinabou', '21-04-2000', ' Bamako', NULL, NULL, NULL, NULL, 'PAS VOTER', 2),
(229, 'FST1819MA007268', NULL, 'SACKONE', 'Mohamed', '09-07-1999', ' Bamako', NULL, NULL, NULL, NULL, 'PAS VOTER', 2),
(230, 'FST1819MA006698', NULL, 'SAMAKE', 'Lassine D', '09-10-1996', ' Ouelessebougou', NULL, NULL, NULL, NULL, 'PAS VOTER', 2),
(231, 'FST1819MA006608', NULL, 'SAMAKE', 'Mamadou', '12-03-1997', ' Diabaly', NULL, NULL, NULL, NULL, 'PAS VOTER', 2),
(232, 'FST1819MA006308', NULL, 'SANGARE', 'Massaman', '06-07-2000', ' Bougouni', NULL, NULL, NULL, NULL, 'PAS VOTER', 2),
(233, 'FST1819FA006662', NULL, 'SANOGO', 'Naomie', '13-05-1999', ' Farakala', NULL, NULL, NULL, NULL, 'PAS VOTER', 2),
(234, 'FST1819MA006219', NULL, 'SARRE', 'Kola', '28-02-2000', ' Sevare', NULL, NULL, NULL, NULL, 'PAS VOTER', 2),
(235, 'FST1819MA006423', NULL, 'SISSOKO', 'Setigui', '21-12-1999', ' Kouka Dombia', NULL, NULL, NULL, NULL, 'PAS VOTER', 2),
(236, 'FST1819FA006646', NULL, 'SOUMANO', 'Mounine cercely', '27-04-2000', ' Sikasso', NULL, NULL, NULL, NULL, 'PAS VOTER', 2),
(237, 'FST1819MA007304', NULL, 'SOW', 'Abdoulaye', '01-03-1999', ' Libreville Gabon', NULL, NULL, NULL, NULL, 'PAS VOTER', 2),
(238, 'FST1819MA006703', NULL, 'THIEMA', 'Lassine', '31-12-1997', ' MOPTI', NULL, NULL, NULL, NULL, 'PAS VOTER', 2),
(239, 'FST1819MA006234', NULL, 'TOGO', 'Mamadou Dit Ansama', '01-01-1999', ' Balle', NULL, NULL, NULL, NULL, 'PAS VOTER', 2),
(240, 'FST1819MA007060', NULL, 'TOGOLA', 'Dramane', '01-01-1999', ' Kamabougou', NULL, NULL, NULL, NULL, 'PAS VOTER', 2),
(241, 'FST1819MA006730', NULL, 'TOMOTA', 'Boubacar', '19-03-2001', ' MOPTI', NULL, NULL, NULL, NULL, 'PAS VOTER', 2),
(242, 'FST1819FA007264', NULL, 'TOURE', 'Oumou', '02-02-2001', ' Atlanta-Georgie', NULL, NULL, NULL, NULL, 'PAS VOTER', 2),
(243, 'FST1819FA006246', NULL, 'TOURE', 'Djamilatou', '27-11-2000', ' Bamako', NULL, NULL, NULL, NULL, 'PAS VOTER', 2),
(244, 'FST1819MA006806', NULL, 'TOURE', 'Abdoulaye', '30-10-1999', ' Sassandra(Rci)', NULL, NULL, NULL, NULL, 'PAS VOTER', 2),
(245, 'FST1819FA007064', NULL, 'TRAORE', 'Kadiatou', '22-08-1998', ' Koutiala', NULL, NULL, NULL, NULL, 'PAS VOTER', 2),
(246, 'FST1819MA006397', NULL, 'TRAORE', 'Siaka', '15-09-1999', ' Bamako', NULL, NULL, NULL, NULL, 'PAS VOTER', 2),
(247, 'FST1819MA006470', NULL, 'BAGAYOKO', 'Brahima M', '01-01-2000', ' Kati', NULL, NULL, NULL, NULL, 'PAS VOTER', 2),
(248, 'FST1819MA006954', NULL, 'BALAYIRA', 'Bakary', '03-10-2001', ' Kati', NULL, NULL, NULL, NULL, 'PAS VOTER', 2),
(249, 'FST1819MA007019', NULL, 'BORE', 'Abdourahamane A', '23-12-2000', ' Bandiagara', NULL, NULL, NULL, NULL, 'PAS VOTER', 2),
(250, 'FST1819MA006469', NULL, 'CAMARA', 'Dramane', '13-04-2001', ' Kati', NULL, NULL, NULL, NULL, 'PAS VOTER', 2),
(251, 'FST1819MA006963', NULL, 'COULIBALY', 'Mahamadou Samba', '26-09-1999', ' Bamako', NULL, NULL, NULL, NULL, 'PAS VOTER', 2),
(252, 'FST1819FA006785', NULL, 'COULIBALY', 'Dary', '01-01-2002', ' Bamako', NULL, NULL, NULL, NULL, 'PAS VOTER', 2),
(253, 'FST1819MA006906', NULL, 'DIALLO', 'Mady', '15-01-1998', ' Fatao', NULL, NULL, NULL, NULL, 'PAS VOTER', 2),
(254, 'FST1819MA007216', NULL, 'DIARRA', 'Samuel', '16-02-1999', ' Cocody', NULL, NULL, NULL, NULL, 'PAS VOTER', 2),
(255, 'FST1819MA007329', NULL, 'DIARRA', 'Zoumana', '01-01-1999', ' DOMBILA', NULL, NULL, NULL, NULL, 'PAS VOTER', 2),
(256, 'FST1819FA007120', NULL, 'DIAWARA', 'Nana', '13-11-2000', ' Bamako', NULL, NULL, NULL, NULL, 'PAS VOTER', 2),
(257, 'FST1819FA006925', NULL, 'DOUGNON', 'Safoura', '13-01-1999', ' Barapireli', NULL, NULL, NULL, NULL, 'PAS VOTER', 2),
(258, 'FST1819MA006883', NULL, 'GUINDO', 'Moussa', '10-07-1997', ' Bamako', NULL, NULL, NULL, NULL, 'PAS VOTER', 2),
(259, 'FST1819FA006943', NULL, 'KEITA', 'Mariam', '17-05-1999', ' Bamako', NULL, NULL, NULL, NULL, 'PAS VOTER', 2),
(260, 'FST1819MA007484', NULL, 'KEITA', 'Alfousseyni', '07-05-1998', ' Bamako', NULL, NULL, NULL, NULL, 'PAS VOTER', 2),
(261, 'FST1819MA006355', NULL, 'KEITA', 'Harouna', '01-01-1999', ' Kita', NULL, NULL, NULL, NULL, 'PAS VOTER', 2),
(262, 'FST1819MA007124', NULL, 'KEITA', 'Modibo A', '01-01-1997', ' Karan', NULL, NULL, NULL, NULL, 'PAS VOTER', 2),
(263, 'FST1819FA006613', NULL, 'KEITA', 'Micheline', '12-06-2001', ' Bamako', NULL, NULL, NULL, NULL, 'PAS VOTER', 2),
(264, 'FST1819FA007204', NULL, 'KONATE', 'Rokiatou', '27-01-2000', ' Soutoucoule', NULL, NULL, NULL, NULL, 'PAS VOTER', 2),
(265, 'FST1819MB007343', NULL, 'KONATE', 'Mahamadou', '04-11-1998', ' Kirane', NULL, NULL, NULL, NULL, 'PAS VOTER', 2),
(266, 'FST1819MA007461', NULL, 'KONE', 'Salia', '31-12-1998', ' Farafing', NULL, NULL, NULL, NULL, 'PAS VOTER', 2),
(267, 'FST1819MA007054', NULL, 'KONE', 'Drissa', '08-04-1999', ' Kassorola', NULL, NULL, NULL, NULL, 'PAS VOTER', 2),
(268, 'FST1819FA006854', NULL, 'KONE', 'Dounamba', '13-09-1998', ' MPakasso', NULL, NULL, NULL, NULL, 'PAS VOTER', 2),
(269, 'FST1819MA006634', NULL, 'MACALOU', 'Boubacar', '13-10-2000', ' Bamako', NULL, NULL, NULL, NULL, 'PAS VOTER', 2),
(270, 'FST1819MA006289', NULL, 'MAIGA', 'Tidiani Daouda', '30-12-2000', ' Bandiagara', NULL, NULL, NULL, NULL, 'PAS VOTER', 2),
(271, 'FST1819MA006631', NULL, 'MAIGA', 'Abdoulkarim Nouhou', '15-01-2000', ' Forgho-Arma', NULL, NULL, NULL, NULL, 'PAS VOTER', 2),
(272, 'FST1819MA006728', NULL, 'MARIKO', 'Tidiane', '25-05-2000', ' SINCINA', NULL, NULL, NULL, NULL, 'PAS VOTER', 2),
(273, 'FST1819MA007354', NULL, 'SAMAKE', 'Bakary Modibo', '07-01-1998', ' BAMAKO', NULL, NULL, NULL, NULL, 'PAS VOTER', 2),
(274, 'FST1819MA007114', NULL, 'SAMASSEKOU', 'Abdoulaye', '31-12-2000', ' Sikasso', NULL, NULL, NULL, NULL, 'PAS VOTER', 2),
(275, 'FST1819MA006629', NULL, 'SIDIBE', 'Djibril', '09-09-2000', ' MOPTI', NULL, NULL, NULL, NULL, 'PAS VOTER', 2),
(276, 'FST1819MA007214', NULL, 'TANAFO', 'Alassane', '01-01-2001', ' Bamako', NULL, NULL, NULL, NULL, 'PAS VOTER', 2),
(277, 'FST1819MA006630', NULL, 'THERA', 'Ibrahima', '18-12-1998', ' BAMAKO', NULL, NULL, NULL, NULL, 'PAS VOTER', 2),
(278, 'FST1819MA007065', NULL, 'TOURE', 'Alousseyni', '04-09-1999', ' Bara (Ansongo)', NULL, NULL, NULL, NULL, 'PAS VOTER', 2),
(279, 'FST1819MA007176', NULL, 'TRAORE', 'Moctar', '21-11-2000', ' Bamako', NULL, NULL, NULL, NULL, 'PAS VOTER', 2),
(280, 'FST1819FA006410', NULL, 'TRAORE', 'Aissatou', '02-09-1999', ' San', NULL, NULL, NULL, NULL, 'PAS VOTER', 2),
(281, 'FST1819MA006425', NULL, 'TRAORE', 'Kande', '01-08-1998', ' BANDIOUGOULA', NULL, NULL, NULL, NULL, 'PAS VOTER', 2),
(282, 'FST1819MA006961', NULL, 'TRAORE', 'Yaya', '19-01-2000', ' Diakabougou', NULL, NULL, NULL, NULL, 'PAS VOTER', 2),
(283, 'FST1819MA006238', NULL, 'TRAORE', 'Moussa', '08-05-1999', ' Dezebela', NULL, NULL, NULL, NULL, 'PAS VOTER', 2),
(284, 'FST1819FA006520', NULL, 'TRAORE', 'Aminata', '12-09-1999', ' Sogoniko', NULL, NULL, NULL, NULL, 'PAS VOTER', 2),
(285, 'FST1819FA006524', NULL, 'TRAORE', 'Hawa Issa', '14-09-1998', ' Bamako', NULL, NULL, NULL, NULL, 'PAS VOTER', 2),
(286, 'FST1819FA006816', NULL, 'TRAORE', 'Assitan', '27-03-2000', ' Baroueli', NULL, NULL, NULL, NULL, 'PAS VOTER', 2),
(287, 'FST1819MA007074', NULL, 'TRAORE', 'Daouda Gaoussou', '16-10-1997', ' Dioila', NULL, NULL, NULL, NULL, 'PAS VOTER', 2),
(288, 'FST1819FA006821', NULL, 'TRAORE', 'Aissata', '26-11-2001', ' Kati', NULL, NULL, NULL, NULL, 'PAS VOTER', 2),
(289, 'FST1819MA006862', NULL, 'TRAORE', 'Youssouf', '11-11-1998', ' KALABANCORO', NULL, NULL, NULL, NULL, 'PAS VOTER', 2),
(290, 'FST1819MA006650', NULL, 'TRAORE', 'Sidi', '19-07-2000', ' Koutiala', NULL, NULL, NULL, NULL, 'PAS VOTER', 2),
(291, 'FST1819MA006614', NULL, 'AHMADOU', 'Younoussa', '17-01-2000', ' Gao', NULL, NULL, NULL, NULL, 'PAS VOTER', 2),
(292, 'FST1819MA006476', NULL, 'BAGAYOKO', 'Cheick Amadou Tidiane', '24-04-1998', ' Bamako', NULL, NULL, NULL, NULL, 'PAS VOTER', 2),
(293, 'FST1819MA006552', NULL, 'BAH', 'Silla', '10-10-1999', ' Kayes', NULL, NULL, NULL, NULL, 'PAS VOTER', 2),
(294, 'FST1819MA006532', NULL, 'BALLO', 'Adama', '11-05-2000', ' Douala', NULL, NULL, NULL, NULL, 'PAS VOTER', 2),
(295, 'FST1819MA006350', NULL, 'BOCOUM', 'Ibrahim', '30-07-1997', ' Dialloube Mopti', NULL, NULL, NULL, NULL, 'PAS VOTER', 2),
(296, 'FST1819MA006264', NULL, 'CAMARA', 'Mahamadou Dit Modibo', '30-03-1999', ' Maternite Karembe', NULL, NULL, NULL, NULL, 'PAS VOTER', 2),
(297, 'FST1819FA006525', NULL, 'CISSE', 'Aissata', '08-11-1998', ' Mopti', NULL, NULL, NULL, NULL, 'A VOTE', 3),
(298, 'FST1819MA006696', NULL, 'COULIBALY', 'Yacouba Adama', '21-11-2000', ' Diago', NULL, NULL, NULL, NULL, 'PAS VOTER', 3),
(299, 'FST1819MA006452', NULL, 'COULIBALY', 'Mohamadou', '01-07-2000', ' TOUMADIAMA', NULL, NULL, NULL, NULL, 'PAS VOTER', 3),
(300, 'FST1819MA006708', NULL, 'COULIBALY', 'Keletigui', '04-01-2001', ' Bamako', NULL, NULL, NULL, NULL, 'PAS VOTER', 3),
(301, 'FST1819FA006275', NULL, 'COULIBALY', 'Fatoumata', '26-08-2002', ' Bamako', NULL, NULL, NULL, NULL, 'PAS VOTER', 3),
(302, 'FST1819MA006394', NULL, 'COULIBALY', 'Souleymane', '04-08-2000', ' SEGOU', NULL, NULL, NULL, NULL, 'PAS VOTER', 3),
(303, 'FST1819MA006281', NULL, 'DAO', 'Seydou Ben Abdoulaye', '08-11-1998', ' Affery (Rci)', NULL, NULL, NULL, NULL, 'PAS VOTER', 3),
(304, 'FST1819MA006229', NULL, 'DEMBELE', 'Harouna', '20-05-2000', ' Sevare', NULL, NULL, NULL, NULL, 'PAS VOTER', 3),
(305, 'FST1819MA006745', NULL, 'DIAKITE', 'Drissa', '01-01-1996', ' YANFOLILA', NULL, NULL, NULL, NULL, 'PAS VOTER', 3),
(306, 'FST1819FA006665', NULL, 'DIALLO', 'Mariam', '02-12-2000', ' Bamako', NULL, NULL, NULL, NULL, 'PAS VOTER', 3),
(307, 'FST1819FA006474', NULL, 'DIALLO', 'Fatimatou', '05-05-1999', ' Sikasso', NULL, NULL, NULL, NULL, 'PAS VOTER', 3),
(308, 'FST1819MA006747', NULL, 'DIALLO', 'Mahamar Atahir', '28-10-1999', ' Bamako', NULL, NULL, NULL, NULL, 'PAS VOTER', 3),
(309, 'FST1819MA006181', NULL, 'DIARRA', 'Aliou', '13-12-1999', ' Kano  Nigeria', NULL, NULL, NULL, NULL, 'PAS VOTER', 3),
(310, 'FST1819MA006731', NULL, 'DIARRA', 'Diaraba Idrissa', '01-09-2001', ' Sevare', NULL, NULL, NULL, NULL, 'PAS VOTER', 3),
(311, 'FST1819MA006486', NULL, 'DIARRA', 'Oumar', '13-10-1998', ' Bamako', NULL, NULL, NULL, NULL, 'PAS VOTER', 3),
(312, 'FST1819FA006604', NULL, 'DIARRA', 'Mariam', '29-10-1999', ' Bamako', NULL, NULL, NULL, NULL, 'PAS VOTER', 3),
(313, 'FST1819MA006714', NULL, 'FOFANA', 'Sara', '31-12-2000', ' Nafadji', NULL, NULL, NULL, NULL, 'PAS VOTER', 3),
(314, 'FST1819MA006178', NULL, 'GUINDO', 'Ibrahima', '08-01-2000', ' BAMAKO', NULL, NULL, NULL, NULL, 'PAS VOTER', 3),
(315, 'FST1819FA006811', NULL, 'GUINDO', 'Fatoumata', '27-09-1999', ' Digan', NULL, NULL, NULL, NULL, 'PAS VOTER', 3),
(316, 'FST1819MA006538', NULL, 'GUINTO', 'Amouyon samba', '02-01-2001', ' Bamako', NULL, NULL, NULL, NULL, 'PAS VOTER', 3),
(317, 'FST1819MA006819', NULL, 'HAIDARA', 'Adama', '12-08-2000', ' SEGOU', NULL, NULL, NULL, NULL, 'PAS VOTER', 3),
(318, 'FST1819FA006615', NULL, 'HAMID', 'Safiatou Walet', '21-08-2000', ' Bamako', NULL, NULL, NULL, NULL, 'PAS VOTER', 3),
(319, 'FST1819MA006571', NULL, 'HISSOUROU', 'Ali', '01-05-2001', ' BAMAKO', NULL, NULL, NULL, NULL, 'PAS VOTER', 3),
(320, 'FST1819FA006347', NULL, 'KANFANA', 'Oumou', '12-02-2000', ' Koutiala', NULL, NULL, NULL, NULL, 'PAS VOTER', 3),
(321, 'FST1819MA006769', NULL, 'KEITA', 'Mahamadou Makan', '01-10-2000', ' Bamako', NULL, NULL, NULL, NULL, 'PAS VOTER', 3),
(322, 'FST1819MA006622', NULL, 'KEITA', 'Aly', '01-03-1997', ' Sikasso', NULL, NULL, NULL, NULL, 'PAS VOTER', 3),
(323, 'FST1819MA006354', NULL, 'KOMOTA', 'Mamadou', '12-12-1998', ' Tienkoungoba', NULL, NULL, NULL, NULL, 'PAS VOTER', 3),
(324, 'FST1819MA006239', NULL, 'KONATE', 'Ibrahim Alassane', '22-01-1999', ' Kouniana', NULL, NULL, NULL, NULL, 'PAS VOTER', 3),
(325, 'FST1819MA006496', NULL, 'KONATE', 'Yacouba', '17-09-2000', ' Bamako', NULL, NULL, NULL, NULL, 'PAS VOTER', 3),
(326, 'FST1819MA006509', NULL, 'KONE', 'Mohamed', '07-06-2001', ' Koulikoro', NULL, NULL, NULL, NULL, 'PAS VOTER', 3),
(327, 'FST1819FA006563', NULL, 'MAIGA', 'Aminata Mahamadou', '02-12-1999', ' GAO', NULL, NULL, NULL, NULL, 'PAS VOTER', 3),
(328, 'FST1819FA006832', NULL, 'MAIGA', 'Ramatou', '08-05-2000', ' Bamako', NULL, NULL, NULL, NULL, 'PAS VOTER', 3),
(329, 'FST1819FA006640', NULL, 'MAIGA', 'Bibata', '19-08-2000', ' Mopti', NULL, NULL, NULL, NULL, 'PAS VOTER', 3),
(330, 'FST1819MA006250', NULL, 'MALLE', 'Alassane', '24-11-2000', ' Kita', NULL, NULL, NULL, NULL, 'PAS VOTER', 3),
(331, 'FST1819MA006596', NULL, 'SANGHO', 'Aboubacar Abdoulaye', '26-11-1999', ' Bamako', NULL, NULL, NULL, NULL, 'PAS VOTER', 3),
(332, 'FST1819MA006407', NULL, 'SIDIBE', 'Badian', '22-09-2000', ' Bamako', NULL, NULL, NULL, NULL, 'PAS VOTER', 3),
(333, 'FST1819MA006431', NULL, 'SINAYOKO', 'Ibrahim', '15-05-2000', ' Kalabancoro', NULL, NULL, NULL, NULL, 'PAS VOTER', 3),
(334, 'FST1819MA006176', NULL, 'TANGARA', 'M Pe Dit Daouda', '31-05-2001', ' Bamako', NULL, NULL, NULL, NULL, 'PAS VOTER', 3),
(335, 'FST1819MA006182', NULL, 'TANGARA', 'Daouda', '02-04-2000', ' Bamako', NULL, NULL, NULL, NULL, 'PAS VOTER', 3),
(336, 'FST1819MA006851', NULL, 'THIERO', 'Daouda', '10-09-2000', ' Bamako', NULL, NULL, NULL, NULL, 'PAS VOTER', 3),
(337, 'FST1819MA006740', NULL, 'TRAORE', 'Mahamadou Dit Faradji', '21-10-1997', ' Soke', NULL, NULL, NULL, NULL, 'PAS VOTER', 3),
(338, 'FST1819MA006300', NULL, 'TRAORE', 'Bernard Noumory', '08-11-2000', ' Bamako', NULL, NULL, NULL, NULL, 'PAS VOTER', 3),
(339, 'FST1819MA006436', NULL, 'ZERBO', 'Grace Israel', '28-05-1999', ' Kangaba', NULL, NULL, NULL, NULL, 'PAS VOTER', 3),
(340, 'FST1819MA006744', NULL, 'ZONOU', 'Syaka', '18-10-1999', ' MENAMBA I', NULL, NULL, NULL, NULL, 'PAS VOTER', 3),
(341, 'FST1819MA006878', NULL, 'BEN BARKA', 'Mahamoud', '23-08-2000', ' Tombouctou', NULL, NULL, NULL, NULL, 'PAS VOTER', 3),
(342, 'FST1819MA007171', NULL, 'BERTHE', 'Boubacar', '30-11-2000', ' Kati', NULL, NULL, NULL, NULL, 'PAS VOTER', 3),
(343, 'FST1819MA006991', NULL, 'CISSE', 'Bassidiki', '18-03-2001', ' Bamako', NULL, NULL, NULL, NULL, 'PAS VOTER', 3),
(344, 'FST1819MA007390', NULL, 'CISSE', 'Adama', '09-03-2001', ' Bamako', NULL, NULL, NULL, NULL, 'PAS VOTER', 3),
(345, 'FST1819MA007200', NULL, 'CISSOKO', 'Sambou', '06-04-1998', ' Kersignane', NULL, NULL, NULL, NULL, 'PAS VOTER', 3),
(346, 'FST1819MA006956', NULL, 'COULIBALY', 'Drissa', '02-07-2001', ' Bamako', NULL, NULL, NULL, NULL, 'PAS VOTER', 3),
(347, 'FST1819MA007094', NULL, 'COULIBALY', 'Mana', '10-03-1998', ' BAMAKO', NULL, NULL, NULL, NULL, 'PAS VOTER', 3),
(348, 'FST1819MA007367', NULL, 'DEMBELE', 'Abdoulaye', '17-06-2000', ' BAMAKO', NULL, NULL, NULL, NULL, 'PAS VOTER', 3),
(349, 'FST1819MA007349', NULL, 'DIAGAYETE', 'Abdoulaye', '20-11-2000', ' Koutiala', NULL, NULL, NULL, NULL, 'PAS VOTER', 3),
(350, 'FST1819MA006922', NULL, 'DIALLO', 'Zoumana', '07-10-2001', ' Bamako', NULL, NULL, NULL, NULL, 'PAS VOTER', 3),
(351, 'FST1819MA007053', NULL, 'DIALLO', 'Cheick Abdoulaye', '10-10-2000', ' Bamako', NULL, NULL, NULL, NULL, 'PAS VOTER', 3),
(352, 'FST1819FA006980', NULL, 'DIARRA', 'Lussi Mariam', '28-07-2001', ' Bamako', NULL, NULL, NULL, NULL, 'PAS VOTER', 3),
(353, 'FST1819MA007007', NULL, 'DIARRA', 'Mariba', '19-02-1998', ' SAMAKELE', NULL, NULL, NULL, NULL, 'PAS VOTER', 3),
(354, 'FST1819MA007129', NULL, 'DIARRA', 'Mamadou', '25-05-1999', ' Bamako', NULL, NULL, NULL, NULL, 'PAS VOTER', 3),
(355, 'FST1819MA006874', NULL, 'DIARRA', 'Dramane Thiomawe', '02-03-2000', ' Agboville', NULL, NULL, NULL, NULL, 'PAS VOTER', 3),
(356, 'FST1819MA007398', NULL, 'DIARRA', 'Adama Yaya', '19-06-1998', ' Bamako', NULL, NULL, NULL, NULL, 'PAS VOTER', 3),
(357, 'FST1819MA007385', NULL, 'DJIM', 'Mohamed', '01-01-2001', ' Bamako', NULL, NULL, NULL, NULL, 'PAS VOTER', 3),
(358, 'FST1819MA006924', NULL, 'DJIRE', 'Issa', '05-07-2000', ' Bamako', NULL, NULL, NULL, NULL, 'PAS VOTER', 3),
(359, 'FST1819MA007331', NULL, 'DOUCOURE', 'Lakamy', '19-11-2000', ' Bamako', NULL, NULL, NULL, NULL, 'PAS VOTER', 3),
(360, 'FST1819MA007206', NULL, 'DOUMBIA', 'Mahamadou', '06-10-2000', ' Bamako', NULL, NULL, NULL, NULL, 'PAS VOTER', 3),
(361, 'FST1819MA007274', NULL, 'DRAMERA', 'Amadou', '29-09-2000', ' Bamako', NULL, NULL, NULL, NULL, 'PAS VOTER', 3),
(362, 'FST1819MA007434', NULL, 'KEITA', 'Boubacar Simbo', '03-11-1999', ' Narena', NULL, NULL, NULL, NULL, 'PAS VOTER', 3),
(363, 'FST1819MA007496', NULL, 'KEITA', 'Alassane', '09-11-2000', ' Bamako', NULL, NULL, NULL, NULL, 'PAS VOTER', 3),
(364, 'FST1819FA007308', NULL, 'KEITA', 'Aminata', '25-04-1999', ' Segou', NULL, NULL, NULL, NULL, 'PAS VOTER', 3),
(365, 'FST1819FA007466', NULL, 'KONE', 'Weta Marthe', '12-09-2000', ' San', NULL, NULL, NULL, NULL, 'PAS VOTER', 3),
(366, 'FST1819FA007229', NULL, 'KONE', 'Rokia', '31-03-1998', ' BAMAKO', NULL, NULL, NULL, NULL, 'PAS VOTER', 3),
(367, 'FST1819MA007381', NULL, 'KOUDJONOU', 'Yao Mawuli Henoc', '03-05-2001', ' Lome', NULL, NULL, NULL, NULL, 'PAS VOTER', 3),
(368, 'FST1819MA007002', NULL, 'MAIGA', 'Alassane Moussa', '08-12-2001', ' Bamako', NULL, NULL, NULL, NULL, 'PAS VOTER', 3),
(369, 'FST1819MA007296', NULL, 'MAIGA', 'Issa Diadie', '31-08-2000', ' BAMAKO', NULL, NULL, NULL, NULL, 'PAS VOTER', 3),
(370, 'FST1819MA007139', NULL, 'POUDIOUGOU', 'Apouroulou Dit David', '08-06-2001', ' Bamako', NULL, NULL, NULL, NULL, 'PAS VOTER', 3),
(371, 'FST1819FA007073', NULL, 'SANGARE', 'Mariam', '09-07-1999', ' Bamako', NULL, NULL, NULL, NULL, 'PAS VOTER', 3),
(372, 'FST1819MA006999', NULL, 'SANOGO', 'Yacouba', '09-05-2001', ' Bamako', NULL, NULL, NULL, NULL, 'PAS VOTER', 3),
(373, 'FST1819MA007372', NULL, 'SANOGO', 'Tahir ahmad', '11-09-1996', ' Dedougou', NULL, NULL, NULL, NULL, 'PAS VOTER', 3),
(374, 'FST1819FA007363', NULL, 'SIDIBE', 'Assitan', '18-03-2000', ' Bamako', NULL, NULL, NULL, NULL, 'PAS VOTER', 3),
(375, 'FST1819MA007402', NULL, 'SIMPARA', 'Ousmane', '27-01-2002', ' Bamako', NULL, NULL, NULL, NULL, 'PAS VOTER', 3),
(376, 'FST1819FA007437', NULL, 'SYLLA', 'Tenen Madyeh', '05-06-1999', ' Bamako', NULL, NULL, NULL, NULL, 'PAS VOTER', 3),
(377, 'FST1819FB007406', NULL, 'TANGARA', 'Astan', '20-01-2000', ' Niono', NULL, NULL, NULL, NULL, 'PAS VOTER', 3),
(378, 'FST1819FA007342', NULL, 'TOUNKARA', 'Maimouna', '02-04-2001', ' Bamako', NULL, NULL, NULL, NULL, 'PAS VOTER', 3),
(379, 'FST1819MA006877', NULL, 'TOURE', 'Youssouf', '07-03-2001', ' Bamako', NULL, NULL, NULL, NULL, 'PAS VOTER', 3),
(380, 'FST1819MA006972', NULL, 'TRAORE', 'Kassim', '10-06-1999', ' Sopi', NULL, NULL, NULL, NULL, 'PAS VOTER', 3),
(381, 'FST1819MA007294', NULL, 'TRAORE', 'Yacouba Sadio', '17-11-1998', ' Toukoto', NULL, NULL, NULL, NULL, 'PAS VOTER', 3),
(382, 'FST1819MA007348', NULL, 'TRAORE', 'Madou', '01-06-2001', ' Bamako', NULL, NULL, NULL, NULL, 'PAS VOTER', 3),
(383, 'FST1819MA006888', NULL, 'BAMBA', 'Djadjiri David', '19-05-1997', ' Libreville', NULL, NULL, NULL, NULL, 'PAS VOTER', 3),
(384, 'FST1819FA006584', NULL, 'BERTHE', 'Sanata Mah', '07-06-2000', ' Bamako', NULL, NULL, NULL, NULL, 'PAS VOTER', 3),
(385, 'FST1819FA006995', NULL, 'CAMARA', 'Fatoumata', '15-09-1999', ' Bamako', NULL, NULL, NULL, NULL, 'PAS VOTER', 3),
(386, 'FST1819MA006690', NULL, 'CISSE', 'Mohammad', '06-11-2000', ' Bamako', NULL, NULL, NULL, NULL, 'PAS VOTER', 3),
(387, 'FST1819MA006505', NULL, 'CISSE', 'Aboubacar Sidiki', '23-09-2000', ' Bamako', NULL, NULL, NULL, NULL, 'PAS VOTER', 3),
(388, 'FST1819MA007384', NULL, 'CISSE', 'Kassim', '07-09-2000', ' Bamako', NULL, NULL, NULL, NULL, 'PAS VOTER', 3),
(389, 'FST1819MA007491', NULL, 'DAGNOKO', 'Mahamadou Brehima', '10-08-2001', ' Kignan', NULL, NULL, NULL, NULL, 'PAS VOTER', 3),
(390, 'FST1819MA006790', NULL, 'DAOU', 'Adama pangolo', '28-03-2001', ' Bamako', NULL, NULL, NULL, NULL, 'PAS VOTER', 3),
(391, 'FST1819FA006606', NULL, 'DIALLO', 'Maimouna', '17-08-2000', ' Kita', NULL, NULL, NULL, NULL, 'PAS VOTER', 3),
(392, 'FST1819FA006390', NULL, 'DIARISSO', 'Seba', '13-01-2001', ' Bamako', NULL, NULL, NULL, NULL, 'PAS VOTER', 3),
(393, 'FST1819MA006758', NULL, 'DIARRA', 'Sekou', '01-01-1999', ' Nonsombougou', NULL, NULL, NULL, NULL, 'PAS VOTER', 3),
(394, 'FST1819MA006894', NULL, 'DIARRA', 'Sidy', '16-08-2000', ' Diema', NULL, NULL, NULL, NULL, 'PAS VOTER', 3),
(395, 'FST1819MA007078', NULL, 'DIARRAH', 'Daouda mohamed', '06-11-2001', ' Bamako', NULL, NULL, NULL, NULL, 'PAS VOTER', 3),
(396, 'FST1819MA006763', NULL, 'DIAWARA', 'Samba', '04-09-2000', ' Bamako', NULL, NULL, NULL, NULL, 'PAS VOTER', 3),
(397, 'FST1819MA006983', NULL, 'DOGBASE', 'Bruno', '27-10-2000', ' BAMAKO', NULL, NULL, NULL, NULL, 'PAS VOTER', 3),
(398, 'FST1819MA006429', NULL, 'DOUMBIA', 'Dramane', '31-12-1998', ' Bilifara', NULL, NULL, NULL, NULL, 'PAS VOTER', 3),
(399, 'FST1819MA006337', NULL, 'DOUMBO', 'Amadou', '23-07-2000', ' Bamako', NULL, NULL, NULL, NULL, 'PAS VOTER', 3),
(400, 'FST1819MA006531', NULL, 'GUINDO', 'Moctar', '22-09-1998', ' Bamako', NULL, NULL, NULL, NULL, 'PAS VOTER', 3),
(401, 'FST1819MA006588', NULL, 'KONATE', 'Boniface', '03-04-2000', ' Boura', NULL, NULL, NULL, NULL, 'PAS VOTER', 3),
(402, 'FST1819MA006645', NULL, 'KONE', 'Adama', '28-09-1999', ' Fourou', NULL, NULL, NULL, NULL, 'PAS VOTER', 3),
(403, 'FST1819MA006881', NULL, 'KOUNOUTA', 'Modibo', '17-02-2000', ' Bamako', NULL, NULL, NULL, NULL, 'PAS VOTER', 3),
(404, 'FST1819MA007016', NULL, 'MAIGA', 'Mamoudou', '12-10-1997', ' Bamako', NULL, NULL, NULL, NULL, 'PAS VOTER', 3),
(405, 'FST1819MA006574', NULL, 'MAIGA', 'Chagaibou Mahamadou', '03-01-2002', ' Gao', NULL, NULL, NULL, NULL, 'PAS VOTER', 3),
(406, 'FST1819FA006760', NULL, 'SAGARA', 'Kadidia Inogo', '09-06-2000', ' Bandiagara', NULL, NULL, NULL, NULL, 'PAS VOTER', 3),
(407, 'FST1819MA007076', NULL, 'SAKINE', 'Fily mohamed', '20-08-2001', ' Bamako', NULL, NULL, NULL, NULL, 'PAS VOTER', 3),
(408, 'FST1819MA007165', NULL, 'SAMAKE', 'Balla Alassane', '01-08-1998', ' Bamako', NULL, NULL, NULL, NULL, 'PAS VOTER', 3),
(409, 'FST1819MA006557', NULL, 'SERIBARA', 'Souleymane', '23-05-1999', ' Bamako', NULL, NULL, NULL, NULL, 'PAS VOTER', 3),
(410, 'FST1819MA007487', NULL, 'SIDIBE', 'Adama', '26-10-1996', ' Bamako', NULL, NULL, NULL, NULL, 'PAS VOTER', 3),
(411, 'FST1819FA006570', NULL, 'SIDIBE', 'Raki Nene', '21-03-2000', ' Bamako', NULL, NULL, NULL, NULL, 'PAS VOTER', 3),
(412, 'FST1819FA007012', NULL, 'SIMPARA', 'Fatoumata Ousmane', '04-10-2001', ' Bamako', NULL, NULL, NULL, NULL, 'PAS VOTER', 3),
(413, 'FST1819MA006587', NULL, 'TOGO', 'Sekou Sallah Oumar', '17-02-2002', ' Bamako', NULL, NULL, NULL, NULL, 'PAS VOTER', 3),
(414, 'FST1819MA007429', NULL, 'TOURE', 'Drissa', '09-04-1999', ' Bamako', NULL, NULL, NULL, NULL, 'PAS VOTER', 3),
(415, 'FST1819MA007481', NULL, 'TOURE', 'Djibril', '20-04-2001', ' Lakanguemou', NULL, NULL, NULL, NULL, 'PAS VOTER', 3),
(416, 'FST1819MA006729', NULL, 'TOURE', 'Mohamed Yehiya', '27-05-1996', ' Bamako', NULL, NULL, NULL, NULL, 'PAS VOTER', 3),
(417, 'FST1819MA006515', NULL, 'TOURE', 'Mouhammad Madany', '07-07-1998', ' Bamako', NULL, NULL, NULL, NULL, 'PAS VOTER', 3),
(418, 'FST1819FA006643', NULL, 'TOURE', 'Adizatou Moussa', '29-03-1999', ' Accra (Ghana)', NULL, NULL, NULL, NULL, 'PAS VOTER', 3),
(419, 'FST1819FA006910', NULL, 'TRAORE', 'Oumou', '15-06-2000', ' BAMAKO', NULL, NULL, NULL, NULL, 'PAS VOTER', 3),
(420, 'FST1819MA006265', NULL, 'ALMOHAMAR', 'Ahamadou', '15-11-1996', ' Ouani Bourem Gao', NULL, NULL, NULL, NULL, 'PAS VOTER', 3);
INSERT INTO `electeur` (`id_Electeur`, `numElecteur`, `numMatricule`, `nom`, `prenom`, `date_naissance`, `lieu_naissance`, `pays_nationalite`, `parcours`, `statut`, `genre`, `etat`, `id_bureau`) VALUES
(421, 'FST1819MA006771', NULL, 'BAGAYOKO', 'Amadou', '08-05-2000', ' Bamako', NULL, NULL, NULL, NULL, 'PAS VOTER', 3),
(422, 'FST1819FA006402', NULL, 'CAMARA', 'Aicha Koda', '15-06-2001', ' Bamako', NULL, NULL, NULL, NULL, 'PAS VOTER', 3),
(423, 'FST1819MA006406', NULL, 'CISSE', 'Aboubacar Sidiki', '17-10-2000', ' Bamako', NULL, NULL, NULL, NULL, 'PAS VOTER', 3),
(424, 'FST1819MA006933', NULL, 'COULIBALY', 'Djibril', '18-05-1999', ' Bamako', NULL, NULL, NULL, NULL, 'PAS VOTER', 3),
(425, 'FST1819MA006434', NULL, 'DEMBELE', 'Siaka', '08-08-2002', ' Bamako', NULL, NULL, NULL, NULL, 'PAS VOTER', 3),
(426, 'FST1819MA006782', NULL, 'DIAKITE', 'Drissa', '26-08-1998', ' Bamako', NULL, NULL, NULL, NULL, 'PAS VOTER', 3),
(427, 'FST1819MA006493', NULL, 'DIALLO', 'Abdoul Karim', '20-09-2000', ' BAMAKO', NULL, NULL, NULL, NULL, 'PAS VOTER', 3),
(428, 'FST1819MA006679', NULL, 'DIARRA', 'Youssouf', '19-04-1999', ' Bamako', NULL, NULL, NULL, NULL, 'PAS VOTER', 3),
(429, 'FST1819FA006710', NULL, 'DIARRA', 'Kadidia Youssouf', '03-06-2000', ' Bamako', NULL, NULL, NULL, NULL, 'PAS VOTER', 3),
(430, 'FST1819MA006535', NULL, 'DIARRA', 'Dadji', '12-06-1999', ' Bamako', NULL, NULL, NULL, NULL, 'PAS VOTER', 3),
(431, 'FST1819FA006575', NULL, 'DJIBO', 'Sarata', '14-02-2001', ' Bamako', NULL, NULL, NULL, NULL, 'PAS VOTER', 3),
(432, 'FST1819MA006398', NULL, 'DOUCOURE', 'Mahamadou', '06-11-1996', ' Bamako', NULL, NULL, NULL, NULL, 'PAS VOTER', 3),
(433, 'FST1819MA006707', NULL, 'FOFANA', 'Bakaou adama', '17-11-2000', ' Dogofiry', NULL, NULL, NULL, NULL, 'PAS VOTER', 3),
(434, 'FST1819MA006457', NULL, 'FOMBA', 'Mamadou Lamine', '11-10-1997', ' Kayes', NULL, NULL, NULL, NULL, 'PAS VOTER', 3),
(435, 'FST1819MA006600', NULL, 'GOUMANE', 'Issoufou Dit Bakoroba', '01-01-1996', ' OULENY', NULL, NULL, NULL, NULL, 'PAS VOTER', 3),
(436, 'FST1819FA006559', NULL, 'KALOGA', 'Aissata', '26-12-1999', ' Bamako', NULL, NULL, NULL, NULL, 'PAS VOTER', 3),
(437, 'FST1819MA006825', NULL, 'KAMISSOKO', 'Silamakan', '23-06-2001', ' Niagomera', NULL, NULL, NULL, NULL, 'PAS VOTER', 3),
(438, 'FST1819MA006783', NULL, 'KANTE', 'Cheick Oumar', '19-05-1998', ' Bamako', NULL, NULL, NULL, NULL, 'PAS VOTER', 3),
(439, 'FST1819MA006674', NULL, 'KARABENTA', 'Moussa Baba Dit Korobaba', '23-11-1998', ' BAMAKO', NULL, NULL, NULL, NULL, 'PAS VOTER', 3),
(440, 'FST1819MA006626', NULL, 'KASSE', 'Ahamadou Abdoulaye', '23-06-2000', ' Bamako', NULL, NULL, NULL, NULL, 'PAS VOTER', 3),
(441, 'FST1819MA006252', NULL, 'KEITA', 'Yacouba', '18-01-2001', ' Bamako', NULL, NULL, NULL, NULL, 'PAS VOTER', 3),
(442, 'FST1819MA006399', NULL, 'KEITA', 'Mohamed', '09-09-1999', ' Bamako', NULL, NULL, NULL, NULL, 'PAS VOTER', 3),
(443, 'FST1819MA006726', NULL, 'KOITE', 'Amadou diadie', '02-02-2001', ' Bamako', NULL, NULL, NULL, NULL, 'PAS VOTER', 3),
(444, 'FST1819FA006577', NULL, 'KONATE', 'Mariam Mohamed', '09-10-2000', ' BAMAKO', NULL, NULL, NULL, NULL, 'PAS VOTER', 3),
(445, 'FST1819MA006594', NULL, 'KONE', 'Mahamadou', '17-11-1998', ' Bamako', NULL, NULL, NULL, NULL, 'PAS VOTER', 4),
(446, 'FST1819MA006656', NULL, 'MAIGA', 'Halidou I', '24-10-2002', ' Fana', NULL, NULL, NULL, NULL, 'PAS VOTER', 4),
(447, 'FST1819MA006781', NULL, 'MAIGA', 'Hamidou dit yero', '13-09-2001', ' Yanfolila', NULL, NULL, NULL, NULL, 'PAS VOTER', 4),
(448, 'FST1819MA006797', NULL, 'MALLE', 'Seydou', '28-12-1999', ' Bamako', NULL, NULL, NULL, NULL, 'PAS VOTER', 4),
(449, 'FST1819MA006352', NULL, 'MARIKO', 'Fousseini', '29-09-1999', ' Nioro', NULL, NULL, NULL, NULL, 'PAS VOTER', 4),
(450, 'FST1819FA006778', NULL, 'OUOLOGUEM', 'Fatou b', '31-10-1999', ' Bamako', NULL, NULL, NULL, NULL, 'PAS VOTER', 4),
(451, 'FST1819MA006800', NULL, 'OUOLOGUEM', 'Aly', '23-04-1999', ' Bamako', NULL, NULL, NULL, NULL, 'PAS VOTER', 4),
(452, 'FST1819MA006236', NULL, 'SACKO', 'Madassa', '03-01-2000', ' Bamako', NULL, NULL, NULL, NULL, 'PAS VOTER', 4),
(453, 'FST1819MA006829', NULL, 'SAGARA', 'Elie', '20-03-2000', ' SEVARE', NULL, NULL, NULL, NULL, 'PAS VOTER', 4),
(454, 'FST1819FA006467', NULL, 'SAMAKE', 'Nare Dite Hawa', '20-03-2001', ' Bamako', NULL, NULL, NULL, NULL, 'PAS VOTER', 4),
(455, 'FST1819MA006269', NULL, 'SANOGO', 'Ousmane', '01-01-1999', ' Bamako', NULL, NULL, NULL, NULL, 'PAS VOTER', 4),
(456, 'FST1819MA006485', NULL, 'SIDIBE', 'Aboubacar Sidick', '16-08-2001', ' Bamako', NULL, NULL, NULL, NULL, 'PAS VOTER', 4),
(457, 'FST1819MA006326', NULL, 'SIDIBE', 'Ayouba', '10-03-2002', ' Badogo', NULL, NULL, NULL, NULL, 'PAS VOTER', 4),
(458, 'FST1819MA006795', NULL, 'SISSOKO', 'Moussa tiecoura', '27-12-1999', ' Kangare', NULL, NULL, NULL, NULL, 'PAS VOTER', 4),
(459, 'FST1819FA006536', NULL, 'SOKOBA', 'Fatoumata Dite Kounandi', '24-05-2000', ' Koutiala', NULL, NULL, NULL, NULL, 'PAS VOTER', 4),
(460, 'FST1819MA006635', NULL, 'SOUGANE', 'Abdrazac', '12-08-1999', ' Bamako', NULL, NULL, NULL, NULL, 'PAS VOTER', 4),
(461, 'FST1819FA006805', NULL, 'SOUMARE', 'Hawa', '28-06-2000', ' Bamako', NULL, NULL, NULL, NULL, 'PAS VOTER', 4),
(462, 'FST1819MA006724', NULL, 'TAPILY', 'Ousmane', '21-09-1999', ' Bandiagara', NULL, NULL, NULL, NULL, 'PAS VOTER', 4),
(463, 'FST1819FA006911', NULL, 'TOGOLA', 'Rokia', '19-09-1999', ' Sikasso', NULL, NULL, NULL, NULL, 'PAS VOTER', 4),
(464, 'FST1819MA006918', NULL, 'TOURE', 'Issiaka Mohamadou', '04-10-2000', ' Gao', NULL, NULL, NULL, NULL, 'PAS VOTER', 4),
(465, 'FST1819MA006858', NULL, 'TOURE', 'Sekou A Tidiane Trouffo', '23-10-2000', ' Bamako', NULL, NULL, NULL, NULL, 'PAS VOTER', 4),
(466, 'FST1819MA006180', NULL, 'TRAORE', 'Alfousseyni', '13-08-1996', ' Kalaban-Coro', NULL, NULL, NULL, NULL, 'PAS VOTER', 4),
(467, 'FST1819FA006516', NULL, 'TRAORE', 'Hawa', '16-06-1999', ' Bamako', NULL, NULL, NULL, NULL, 'PAS VOTER', 4),
(468, 'FST1819MA006788', NULL, 'TRAORE', 'Mahamoutou', '19-11-1997', ' Bamako', NULL, NULL, NULL, NULL, 'PAS VOTER', 4),
(469, 'FST1819MA006823', NULL, 'TRAORE', 'Sekouba', '26-06-1998', ' Bamako', NULL, NULL, NULL, NULL, 'PAS VOTER', 4),
(470, 'FST1819MA007482', NULL, 'BOUARE', 'Boubacar', '05-01-1999', ' Dogodouma', NULL, NULL, NULL, NULL, 'PAS VOTER', 4),
(471, 'FST1819MA006789', NULL, 'DEMBELE', 'Kedjougou Samakoun', '15-09-1998', ' Koumakire', NULL, NULL, NULL, NULL, 'PAS VOTER', 4),
(472, 'FST1819MA006926', NULL, 'DIARRA', 'Adama Maty', '27-09-1999', ' Bamako', NULL, NULL, NULL, NULL, 'PAS VOTER', 4),
(473, 'FST1819MA006249', NULL, 'DIARRA', 'Samba Djibril', '10-06-1998', ' Bamako', NULL, NULL, NULL, NULL, 'PAS VOTER', 4),
(474, 'FST1819FA006256', NULL, 'DIARRA', 'Kadiatou Diby', '18-07-2001', ' Bamako', NULL, NULL, NULL, NULL, 'PAS VOTER', 4),
(475, 'FST1819MA006859', NULL, 'DIARRA', 'Bourama', '28-07-1998', ' Bamako', NULL, NULL, NULL, NULL, 'PAS VOTER', 4),
(476, 'FST1819MA006704', NULL, 'DOUCOURE', 'Mohamoud A', '25-09-2000', ' Koutiala', NULL, NULL, NULL, NULL, 'PAS VOTER', 4),
(477, 'FST1819MA006912', NULL, 'KEITA', 'Djoko', '01-03-2002', ' BKO', NULL, NULL, NULL, NULL, 'PAS VOTER', 4),
(478, 'FST1819MA007233', NULL, 'MAIGA', 'Adama Sidi', '29-11-1998', ' Bamako', NULL, NULL, NULL, NULL, 'PAS VOTER', 4),
(479, 'FST1819MA006235', NULL, 'MAIGA', 'Ousmane', '16-09-2000', ' Bamako', NULL, NULL, NULL, NULL, 'PAS VOTER', 4),
(480, 'FST1819MA007045', NULL, 'MAIGA', 'Aboubacar Abdoulaye', '01-01-1997', ' Gao', NULL, NULL, NULL, NULL, 'PAS VOTER', 4),
(481, 'FST1819MA006777', NULL, 'SANOGO', 'Ousmane L', '07-09-2000', ' Sikasso', NULL, NULL, NULL, NULL, 'PAS VOTER', 4),
(482, 'FST1819MA007315', NULL, 'TANGARA', 'Alou', '24-11-1999', ' Sabalibougou', NULL, NULL, NULL, NULL, 'PAS VOTER', 4),
(483, 'FST1819FA006586', NULL, 'TEMBINE', 'Yatandou', '28-07-2000', ' Bamako', NULL, NULL, NULL, NULL, 'PAS VOTER', 4),
(484, 'FST1819MA006401', NULL, 'TRAORE', 'Moussa', '20-11-2000', ' Bamako', NULL, NULL, NULL, NULL, 'PAS VOTER', 4),
(485, 'FST1819MA006404', NULL, 'TRAORE', 'Mohamed', '23-12-1999', ' Bouake Rci', NULL, NULL, NULL, NULL, 'PAS VOTER', 4),
(486, 'FST1819MA006861', NULL, 'TRAORE', 'Bougadary', '01-01-2000', ' Soumouni', NULL, NULL, NULL, NULL, 'PAS VOTER', 4),
(487, 'FST1819MA006618', NULL, 'TRAORE', 'Issiaka', '21-08-2001', ' Bamako', NULL, NULL, NULL, NULL, 'PAS VOTER', 4),
(488, 'FST1819MA007410', NULL, 'TRAORE', 'Moctar Abdoulaye', '06-01-2000', ' NIONO', NULL, NULL, NULL, NULL, 'PAS VOTER', 4),
(489, 'FST1819FA006736', NULL, 'BARRY', 'Dabo', '13-12-2000', ' Bamako', NULL, NULL, NULL, NULL, 'PAS VOTER', 4),
(490, 'FST1819FA006579', NULL, 'BOUARE', 'Fatoumata', '05-10-1998', ' San', NULL, NULL, NULL, NULL, 'PAS VOTER', 4),
(491, 'FST1819FA007292', NULL, 'COULIBALY', 'Kadiatou Dite Tene', '20-01-1998', ' Bamako', NULL, NULL, NULL, NULL, 'PAS VOTER', 4),
(492, 'FST1819FA007043', NULL, 'DIABY', 'Mariam C', '02-12-2001', ' BAMAKO', NULL, NULL, NULL, NULL, 'PAS VOTER', 4),
(493, 'FST1819FA007179', NULL, 'KANTE', 'Oumou', '28-02-2002', ' Kalaban-coro', NULL, NULL, NULL, NULL, 'PAS VOTER', 4),
(494, 'FST1819MA006243', NULL, 'KANTE', 'Abdoul Ousmane Karim', '02-01-2001', ' Bamako', NULL, NULL, NULL, NULL, 'PAS VOTER', 4),
(495, 'FST1819MA007307', NULL, 'KONATE', 'Yacouba', '09-04-1999', ' Bamako', NULL, NULL, NULL, NULL, 'PAS VOTER', 4),
(496, 'FST1819MA006215', NULL, 'KONE', 'Sekou Bakary', '16-03-1999', ' Konseguela', NULL, NULL, NULL, NULL, 'PAS VOTER', 4),
(497, 'FST1819MA006216', NULL, 'KONE', 'Boubacar', '15-11-2000', ' Koutiala', NULL, NULL, NULL, NULL, 'PAS VOTER', 4),
(498, 'FST1819FA007371', NULL, 'KONE', 'Moussa', '19-05-1999', ' Bamako', NULL, NULL, NULL, NULL, 'PAS VOTER', 4),
(499, 'FST1819FA006879', NULL, 'KONE', 'Marietou Lamine', '14-07-2001', ' Bamako', NULL, NULL, NULL, NULL, 'PAS VOTER', 4),
(500, 'FST1819MA006172', NULL, 'MAIGA', 'Ibrahim Boubacar', '19-11-2001', ' BAMAKO', NULL, NULL, NULL, NULL, 'PAS VOTER', 4),
(501, 'FST1819MA007000', NULL, 'NIAMBELE', 'Ichaka Aly', '02-06-2001', ' Bamako', NULL, NULL, NULL, NULL, 'PAS VOTER', 4),
(502, 'FST1819MA007228', NULL, 'SAO', 'Djeidani', '28-06-1998', ' DJENNE', NULL, NULL, NULL, NULL, 'PAS VOTER', 4),
(503, 'FST1819MA007063', NULL, 'SISSOKO', 'Ismaila', '05-12-2000', ' Kita', NULL, NULL, NULL, NULL, 'PAS VOTER', 4),
(504, 'FST1819MA007283', NULL, 'SOGODOGO', 'Abdoul Kader', '03-07-2001', ' Bamako', NULL, NULL, NULL, NULL, 'PAS VOTER', 4),
(505, 'FST1819MA006997', NULL, 'THERA', 'Mikael', '16-10-1998', ' BLA', NULL, NULL, NULL, NULL, 'PAS VOTER', 4),
(506, 'FST1819FA006220', NULL, 'TRAORE', 'Penda Abdoulaye', '10-09-2001', ' Bamako', NULL, NULL, NULL, NULL, 'PAS VOTER', 4),
(507, 'FST1819MA006192', NULL, 'ABDOULAHI', 'Moussa', '27-01-2001', ' Bamako', NULL, NULL, NULL, NULL, 'PAS VOTER', 4),
(508, 'FST1819MA006273', NULL, 'AG TOUTTA', 'Jiddou', '31-12-1996', ' Almamor', NULL, NULL, NULL, NULL, 'PAS VOTER', 4),
(509, 'FST1819MA006511', NULL, 'ALI', 'Adama', '04-05-1998', ' Niafounke', NULL, NULL, NULL, NULL, 'PAS VOTER', 4),
(510, 'FST1819FA006460', NULL, 'BAH', 'Mariam', '10-01-1999', ' Bamako', NULL, NULL, NULL, NULL, 'PAS VOTER', 4),
(511, 'FST1819MA006309', NULL, 'BAMBA', 'Zoumana', '03-02-1998', ' Koumantou', NULL, NULL, NULL, NULL, 'PAS VOTER', 4),
(512, 'FST1819MA006310', NULL, 'BOITE', 'Yaya', '12-07-1999', ' Sy', NULL, NULL, NULL, NULL, 'PAS VOTER', 4),
(513, 'FST1819MA006455', NULL, 'CAMARA', 'Mamadou', '31-12-1999', ' Falea', NULL, NULL, NULL, NULL, 'PAS VOTER', 4),
(514, 'FST1819MA006171', NULL, 'COULIBALY', 'Samba', '05-11-1998', ' Bamako', NULL, NULL, NULL, NULL, 'PAS VOTER', 4),
(515, 'FST1819MA006197', NULL, 'COULIBALY', 'NGolo', '13-12-1998', ' Siembougou', NULL, NULL, NULL, NULL, 'PAS VOTER', 4),
(516, 'FST1819MA006226', NULL, 'COULIBALY', 'Mahamadou', '19-11-2000', ' Bamako', NULL, NULL, NULL, NULL, 'PAS VOTER', 4),
(517, 'FST1819MA006230', NULL, 'COULIBALY', 'Mohamed', '07-07-1998', ' San', NULL, NULL, NULL, NULL, 'PAS VOTER', 4),
(518, 'FST1819MA006290', NULL, 'COULIBALY', 'Moussa Sory', '27-06-1998', ' San', NULL, NULL, NULL, NULL, 'PAS VOTER', 4),
(519, 'FST1819FA006572', NULL, 'COULIBALY', 'Fatoumata', '15-05-2001', ' BAMAKO', NULL, NULL, NULL, NULL, 'PAS VOTER', 4),
(520, 'FST1819FA006328', NULL, 'DEMBELE', 'Tafolo Dite Mariam', '21-08-2002', ' BAMAKO', NULL, NULL, NULL, NULL, 'PAS VOTER', 4),
(521, 'FST1819MA006487', NULL, 'DIABATE', 'Chaka', '24-05-2000', ' Bamako', NULL, NULL, NULL, NULL, 'PAS VOTER', 4),
(522, 'FST1819MA006503', NULL, 'DIALLO', 'Moussa', '04-06-2000', ' Diema', NULL, NULL, NULL, NULL, 'PAS VOTER', 4),
(523, 'FST1819MA006464', NULL, 'DIARRA', 'Moussa', '01-01-2000', ' Diema', NULL, NULL, NULL, NULL, 'PAS VOTER', 4),
(524, 'FST1819FA006282', NULL, 'DIEPKILE', 'Yada', '16-08-2001', ' Bore', NULL, NULL, NULL, NULL, 'PAS VOTER', 4),
(525, 'FST1819MA006306', NULL, 'DIOP', 'Mohamed Moctar', '23-07-2000', ' Vitry-sur-seine France', NULL, NULL, NULL, NULL, 'PAS VOTER', 4),
(526, 'FST1819MA006323', NULL, 'DOUMBIA', 'Adama F', '04-09-1999', ' Mena', NULL, NULL, NULL, NULL, 'PAS VOTER', 4),
(527, 'FST1819MA006551', NULL, 'GORO', 'Boukari', '01-01-2000', ' Tonou', NULL, NULL, NULL, NULL, 'PAS VOTER', 4),
(528, 'FST1819FA006473', NULL, 'GUINDO', 'Mariam', '21-06-2000', ' Bandiagara', NULL, NULL, NULL, NULL, 'PAS VOTER', 4),
(529, 'FST1819MA006196', NULL, 'KANOUTE', 'Kecouta', '31-12-1998', ' Tabakoto', NULL, NULL, NULL, NULL, 'PAS VOTER', 4),
(530, 'FST1819FA006498', NULL, 'KANOUTE', 'Aichata', '12-02-2001', ' Bamako', NULL, NULL, NULL, NULL, 'PAS VOTER', 4),
(531, 'FST1819MA006504', NULL, 'KEITA', 'Issa B', '31-12-1997', ' Doumba', NULL, NULL, NULL, NULL, 'PAS VOTER', 4),
(532, 'FST1819FA006521', NULL, 'KOITE', 'Yakare', '22-07-2000', ' Bamako', NULL, NULL, NULL, NULL, 'PAS VOTER', 4),
(533, 'FST1819MA006257', NULL, 'KONE', 'Fatoko Dit Fah', '16-02-2001', ' Bamako', NULL, NULL, NULL, NULL, 'PAS VOTER', 4),
(534, 'FST1819MA006298', NULL, 'KONE', 'Amadou Dit Noumouzie', '01-01-1998', ' MAHOU', NULL, NULL, NULL, NULL, 'PAS VOTER', 4),
(535, 'FST1819FA006278', NULL, 'KOUMA', 'Fatoumata Dite Maman', '10-07-2001', ' Gao', NULL, NULL, NULL, NULL, 'PAS VOTER', 4),
(536, 'FST1819MA006408', NULL, 'MAGASSI', 'Amara', '20-01-2000', ' Foni', NULL, NULL, NULL, NULL, 'PAS VOTER', 4),
(537, 'FST1819MA006366', NULL, 'MAGASSOUBA', 'Aboubacar Sidiki', '16-06-2000', ' Bamako', NULL, NULL, NULL, NULL, 'PAS VOTER', 4),
(538, 'FST1819MA006492', NULL, 'MAIGA', 'Abdoul karim', '07-06-2001', ' Sevare', NULL, NULL, NULL, NULL, 'PAS VOTER', 4),
(539, 'FST1819MA006204', NULL, 'NAPO', 'Siaka', '22-08-1999', ' Kalaban-coro', NULL, NULL, NULL, NULL, 'PAS VOTER', 4),
(540, 'FST1819FA006263', NULL, 'OUAMBO', 'Reine Samira', '19-12-2001', ' Bamako', NULL, NULL, NULL, NULL, 'PAS VOTER', 4),
(541, 'FST1819MA006374', NULL, 'POUDIOUGO', 'Billaly', '12-12-2000', ' Souan', NULL, NULL, NULL, NULL, 'PAS VOTER', 4),
(542, 'FST1819MA006392', NULL, 'SADESSY', 'Mody', '12-09-2001', ' Bamako', NULL, NULL, NULL, NULL, 'PAS VOTER', 4),
(543, 'FST1819MA006510', NULL, 'SANOGO', 'Issa', '18-03-1998', ' Kignan', NULL, NULL, NULL, NULL, 'PAS VOTER', 4),
(544, 'FST1819MA006324', NULL, 'SAWADOGO', 'Aly', '19-07-1998', ' Bamako', NULL, NULL, NULL, NULL, 'PAS VOTER', 4),
(545, 'FST1819MA006346', NULL, 'SISSOKO', 'Mamadou Sarif', '28-07-2001', ' Kenieba', NULL, NULL, NULL, NULL, 'PAS VOTER', 4),
(546, 'FST1819MA006362', NULL, 'SYLLA', 'Mamadou', '15-09-2000', ' Mopti', NULL, NULL, NULL, NULL, 'PAS VOTER', 4),
(547, 'FST1819MA006507', NULL, 'TANGARA', 'Issiaka', '01-04-2000', ' Koutiala', NULL, NULL, NULL, NULL, 'PAS VOTER', 4),
(548, 'FST1819MA006225', NULL, 'TEMBINE', 'Mahamadou', '15-09-2000', ' Sevare', NULL, NULL, NULL, NULL, 'PAS VOTER', 4),
(549, 'FST1819MA006200', NULL, 'THERA', 'Moussa', '29-10-1998', ' Kita', NULL, NULL, NULL, NULL, 'PAS VOTER', 4),
(550, 'FST1819MA006373', NULL, 'THERA', 'Sinan Dit Simon Pierre', '29-11-1999', ' Bamako', NULL, NULL, NULL, NULL, 'PAS VOTER', 4),
(551, 'FST1819MA006424', NULL, 'TRAORE', 'Ousmane', '25-01-2001', ' Bamako', NULL, NULL, NULL, NULL, 'PAS VOTER', 4),
(552, 'FST1819MA006447', NULL, 'TRAORE', 'Aboubacar', '27-02-2000', ' Bamako', NULL, NULL, NULL, NULL, 'PAS VOTER', 4),
(553, 'FST1819FA006502', NULL, 'TRAORE', 'Afetou', '27-08-2000', ' Bandiagara', NULL, NULL, NULL, NULL, 'PAS VOTER', 4),
(554, 'FST1819FA006248', NULL, 'TRAORE', 'Aissata', '05-06-2000', ' BAMAKO', NULL, NULL, NULL, NULL, 'PAS VOTER', 4),
(555, 'FST1819MA006357', NULL, 'TRAORE', 'Alfousseyni', '12-08-2001', ' Bamako', NULL, NULL, NULL, NULL, 'PAS VOTER', 4),
(556, 'FST1819MA006358', NULL, 'TRAORE', 'Alassane mamadou', '12-08-2001', ' Bamako', NULL, NULL, NULL, NULL, 'PAS VOTER', 4),
(557, 'FST1819MA006648', NULL, 'BAGAYOKO', 'Abdoulaye', '06-11-1999', ' SAMAYA', NULL, NULL, NULL, NULL, 'PAS VOTER', 4),
(558, 'FST1819MA006780', NULL, 'BAH', 'Amadou Abdoulaye', '12-03-1999', ' Bamako', NULL, NULL, NULL, NULL, 'PAS VOTER', 4),
(559, 'FST1819MA006581', NULL, 'BAH', 'Sidi', '11-06-1999', ' Cotonou', NULL, NULL, NULL, NULL, 'PAS VOTER', 4),
(560, 'FST1819MA006632', NULL, 'BALLO', 'Aboubacar', '04-04-2000', ' Dioila', NULL, NULL, NULL, NULL, 'PAS VOTER', 4),
(561, 'FST1819MA006705', NULL, 'BOUARE', 'Souleymane', '18-11-1998', ' Koutiala', NULL, NULL, NULL, NULL, 'PAS VOTER', 4),
(562, 'FST1819MA006664', NULL, 'BOUDI', 'Bouba', '23-02-1999', ' Bamako', NULL, NULL, NULL, NULL, 'PAS VOTER', 4),
(563, 'FST1819MA006787', NULL, 'COULIBALY', 'Abdoul Karim', '02-01-2001', ' Bamako', NULL, NULL, NULL, NULL, 'PAS VOTER', 4),
(564, 'FST1819MA006793', NULL, 'COULIBALY', 'Boubacar', '11-07-2002', ' Segou', NULL, NULL, NULL, NULL, 'PAS VOTER', 4),
(565, 'FST1819MA006900', NULL, 'COULIBALY', 'Youssouf', '11-04-2002', ' Bougouni', NULL, NULL, NULL, NULL, 'PAS VOTER', 4),
(566, 'FST1819MA006907', NULL, 'COULIBALY', 'Moussa Baba', '08-06-2001', ' Nangola', NULL, NULL, NULL, NULL, 'PAS VOTER', 4),
(567, 'FST1819MA006853', NULL, 'DAO', 'Aser', '12-10-2000', ' Yorosso', NULL, NULL, NULL, NULL, 'PAS VOTER', 4),
(568, 'FST1819MA006601', NULL, 'DIABATE', 'Bourama', '20-03-1999', ' Wola', NULL, NULL, NULL, NULL, 'PAS VOTER', 4),
(569, 'FST1819MA006905', NULL, 'DIALLO', 'Abdoulaye A.', '14-07-2000', ' Bamako', NULL, NULL, NULL, NULL, 'PAS VOTER', 4),
(570, 'FST1819MA006582', NULL, 'DIARRA', 'Bourama', '15-05-2000', ' Dialakorodji', NULL, NULL, NULL, NULL, 'PAS VOTER', 4),
(571, 'FST1819MA006647', NULL, 'DIARRA', 'Cheick Oumar', '30-11-2001', ' Bamako', NULL, NULL, NULL, NULL, 'PAS VOTER', 4),
(572, 'FST1819MA006824', NULL, 'DIBO', 'Alpha', '02-10-1999', ' Bamako', NULL, NULL, NULL, NULL, 'PAS VOTER', 4),
(573, 'FST1819MA006694', NULL, 'DICKO', 'Sidi backa mohamed', '08-06-2001', ' Kidal', NULL, NULL, NULL, NULL, 'PAS VOTER', 4),
(574, 'FST1819MA006774', NULL, 'DICKO', 'Abdoulaye M.', '11-05-1998', ' Djenne', NULL, NULL, NULL, NULL, 'PAS VOTER', 4),
(575, 'FST1819MA006935', NULL, 'DOUMBIA', 'Seydou', '01-01-1999', ' Tingole', NULL, NULL, NULL, NULL, 'PAS VOTER', 4),
(576, 'FST1819FA006603', NULL, 'FANE', 'Djeneba', '11-01-2002', ' Bamako', NULL, NULL, NULL, NULL, 'PAS VOTER', 4),
(577, 'FST1819FA006700', NULL, 'GUINDO', 'Awa Drissa', '21-01-2001', ' Bamako', NULL, NULL, NULL, NULL, 'PAS VOTER', 4),
(578, 'FST1819MA006655', NULL, 'GUINDO', 'Souhaibou', '01-01-1997', ' Koro', NULL, NULL, NULL, NULL, 'PAS VOTER', 4),
(579, 'FST1819MA006770', NULL, 'KAMENA', 'Gaoussou', '05-01-2000', ' SEGOU', NULL, NULL, NULL, NULL, 'PAS VOTER', 4),
(580, 'FST1819MA006791', NULL, 'KARAMBE', 'Ibrahim', '29-09-2000', ' Bamako', NULL, NULL, NULL, NULL, 'PAS VOTER', 4),
(581, 'FST1819MA006817', NULL, 'KAREMBE', 'Zoumana', '22-11-1997', ' BAMAKO', NULL, NULL, NULL, NULL, 'PAS VOTER', 4),
(582, 'FST1819MA006944', NULL, 'KOLOHOGON', 'Amadou', '31-12-2002', ' Pereguinikoro', NULL, NULL, NULL, NULL, 'PAS VOTER', 4),
(583, 'FST1819MA006794', NULL, 'KONE', 'Sounkalo', '27-11-2000', ' BAMAKO', NULL, NULL, NULL, NULL, 'PAS VOTER', 4),
(584, 'FST1819MA006884', NULL, 'LAH', 'Sory Ibrahim', '08-08-1999', ' BAMAKO', NULL, NULL, NULL, NULL, 'PAS VOTER', 4),
(585, 'FST1819MA006711', NULL, 'MAIGA', 'Abdoulaye Amadou', '17-04-1999', ' Haibongo', NULL, NULL, NULL, NULL, 'PAS VOTER', 4),
(586, 'FST1819MA006683', NULL, 'NIAFO', 'Mamadou', '13-07-1999', ' NDEBOUGOU', NULL, NULL, NULL, NULL, 'PAS VOTER', 4),
(587, 'FST1819MA006678', NULL, 'NIARE', 'Lassine', '26-10-1999', ' Dialakorodji', NULL, NULL, NULL, NULL, 'PAS VOTER', 4),
(588, 'FST1819MA006671', NULL, 'SANOGO', 'Lassina', '02-05-2001', ' NKourala (Sikasso)', NULL, NULL, NULL, NULL, 'PAS VOTER', 4),
(589, 'FST1819MA006695', NULL, 'SANOGO', 'Mory', '25-10-2000', ' Nossombougou Kolokani', NULL, NULL, NULL, NULL, 'PAS VOTER', 4),
(590, 'FST1819FA006617', NULL, 'SINGARE', 'Fatoumata tidiane', '21-12-2000', ' Bamako', NULL, NULL, NULL, NULL, 'PAS VOTER', 4),
(591, 'FST1819MA006672', NULL, 'SISSOKO', 'Moussa Mamadou', '10-04-2000', ' Kita', NULL, NULL, NULL, NULL, 'PAS VOTER', 4),
(592, 'FST1819MA006668', NULL, 'SOGOBA', 'Foulampe Dit Diakaridia', '01-01-1993', ' Ouolobougou', NULL, NULL, NULL, NULL, 'PAS VOTER', 4),
(593, 'FST1819MA006930', NULL, 'SOGOBA', 'Bourama', '05-07-2000', ' Bamako', NULL, NULL, NULL, NULL, 'PAS VOTER', 5),
(594, 'FST1819MA006637', NULL, 'SOGOBA', 'Bassirou', '19-09-1999', ' FANI', NULL, NULL, NULL, NULL, 'PAS VOTER', 5),
(595, 'FST1819FA006684', NULL, 'SY', 'Yah', '07-08-1999', ' MOPTI', NULL, NULL, NULL, NULL, 'PAS VOTER', 5),
(596, 'FST1819MA006940', NULL, 'TANGARA', 'Oumar', '18-01-1998', ' Bamako', NULL, NULL, NULL, NULL, 'PAS VOTER', 5),
(597, 'FST1819MA006822', NULL, 'TOGO', 'Gerard', '31-12-2000', ' Pel Maoude', NULL, NULL, NULL, NULL, 'PAS VOTER', 5),
(598, 'FST1819FA006913', NULL, 'TOURE', 'Aminata', '08-09-1999', ' SEGOU', NULL, NULL, NULL, NULL, 'PAS VOTER', 5),
(599, 'FST1819MA006619', NULL, 'TOURE', 'Moussa', '06-07-2000', ' Sevare', NULL, NULL, NULL, NULL, 'PAS VOTER', 5),
(600, 'FST1819MA006636', NULL, 'TOURE', 'Gaoussou', '31-10-2000', ' NDATEKOUMANA', NULL, NULL, NULL, NULL, 'PAS VOTER', 5),
(601, 'FST1819MA006915', NULL, 'TRAORE', 'Mamadou kariba', '01-01-1998', ' SIRIBALA', NULL, NULL, NULL, NULL, 'PAS VOTER', 5),
(602, 'FST1819MA006706', NULL, 'TRAORE', 'Bakary', '12-06-1997', ' Dogoni', NULL, NULL, NULL, NULL, 'PAS VOTER', 5),
(603, 'FST1819MA006709', NULL, 'TRAORE', 'Mohamed', '04-03-2001', ' San', NULL, NULL, NULL, NULL, 'PAS VOTER', 5),
(604, 'FST1819FA006814', NULL, 'TRAORE', 'Haouaou', '22-11-2001', ' Koutiala', NULL, NULL, NULL, NULL, 'PAS VOTER', 5),
(605, 'FST1819MA006837', NULL, 'TRAORE', 'Seydou', '29-01-1998', ' Bamako', NULL, NULL, NULL, NULL, 'PAS VOTER', 5),
(606, 'FST1819MA006605', NULL, 'YATTARA', 'Moussa', '10-10-1999', ' Markala', NULL, NULL, NULL, NULL, 'PAS VOTER', 5),
(607, 'FST1819MA007218', NULL, 'ADIGUN', 'Mohamed Raji', '28-11-1999', ' Segou', NULL, NULL, NULL, NULL, 'PAS VOTER', 5),
(608, 'FST1819MA007163', NULL, 'BELLO', 'Etienne', '11-03-1997', ' Bamako', NULL, NULL, NULL, NULL, 'PAS VOTER', 5),
(609, 'FST1819FA007177', NULL, 'CAMARA', 'Mariam', '14-11-2001', ' Bamako', NULL, NULL, NULL, NULL, 'PAS VOTER', 5),
(610, 'FST1819MA007273', NULL, 'COULIBALY', 'Souleymane', '12-06-1999', ' Bamako', NULL, NULL, NULL, NULL, 'PAS VOTER', 5),
(611, 'FST1819MA006952', NULL, 'DEMBELE', 'Abdoulaye', '06-02-2001', ' Bamako', NULL, NULL, NULL, NULL, 'PAS VOTER', 5),
(612, 'FST1819MA007148', NULL, 'DEMBELE', 'Nouhoum', '04-12-2000', ' Bamako', NULL, NULL, NULL, NULL, 'PAS VOTER', 5),
(613, 'FST1819MA007158', NULL, 'DEMBELE', 'Almoustapha', '27-07-1999', ' Soungoulasso', NULL, NULL, NULL, NULL, 'PAS VOTER', 5),
(614, 'FST1819MA006970', NULL, 'DIABATE', 'Amidou', '29-12-1997', ' KIGNAN', NULL, NULL, NULL, NULL, 'PAS VOTER', 5),
(615, 'FST1819MA007213', NULL, 'DIABY', 'Moctar', '02-02-1998', ' NTiele Banamba', NULL, NULL, NULL, NULL, 'PAS VOTER', 5),
(616, 'FST1819MA006981', NULL, 'DIABY', 'Tidiane', '27-05-2000', ' Bamako', NULL, NULL, NULL, NULL, 'PAS VOTER', 5),
(617, 'FST1819MA007071', NULL, 'DIAKITE', 'Lassine', '01-06-2000', ' Bamako', NULL, NULL, NULL, NULL, 'PAS VOTER', 5),
(618, 'FST1819FA006984', NULL, 'DIALLO', 'Djeneba', '31-12-1998', ' Nioro', NULL, NULL, NULL, NULL, 'PAS VOTER', 5),
(619, 'FST1819MA007001', NULL, 'DIALLO', 'Issa', '31-03-1998', ' Sikasso', NULL, NULL, NULL, NULL, 'PAS VOTER', 5),
(620, 'FST1819MA007020', NULL, 'DIARRA', 'Sadio', '05-06-2000', ' DJENNE', NULL, NULL, NULL, NULL, 'PAS VOTER', 5),
(621, 'FST1819MA007083', NULL, 'DIARRA', 'Moise', '01-01-1998', ' Wanian', NULL, NULL, NULL, NULL, 'PAS VOTER', 5),
(622, 'FST1819MA006959', NULL, 'DIOP', 'Dam', '12-01-1999', ' Bamako', NULL, NULL, NULL, NULL, 'PAS VOTER', 5),
(623, 'FST1819MA007134', NULL, 'GACKOU', 'Hamady', '26-03-1999', ' Marka coungo', NULL, NULL, NULL, NULL, 'PAS VOTER', 5),
(624, 'FST1819FA006979', NULL, 'KAMATE', 'Oumou', '10-09-1999', ' Koutiala', NULL, NULL, NULL, NULL, 'PAS VOTER', 5),
(625, 'FST1819MA007224', NULL, 'KEITA', 'Aboubacar', '17-01-1999', ' BAMAKO', NULL, NULL, NULL, NULL, 'PAS VOTER', 5),
(626, 'FST1819MA007241', NULL, 'KEITA', 'Mohamed l', '21-06-2000', ' Bamako', NULL, NULL, NULL, NULL, 'PAS VOTER', 5),
(627, 'FST1819FA007093', NULL, 'KEITA', 'Awa', '14-09-2000', ' BAMAKO', NULL, NULL, NULL, NULL, 'PAS VOTER', 5),
(628, 'FST1819FA006998', NULL, 'KOINTA', 'Tata', '01-01-1998', ' Bamako', NULL, NULL, NULL, NULL, 'PAS VOTER', 5),
(629, 'FST1819MA006969', NULL, 'KONE', 'Abdoulaye', '05-03-2001', ' BAMAKO', NULL, NULL, NULL, NULL, 'PAS VOTER', 5),
(630, 'FST1819FA007055', NULL, 'KONE', 'Maminata', '17-12-1999', ' Tone', NULL, NULL, NULL, NULL, 'PAS VOTER', 5),
(631, 'FST1819MA007270', NULL, 'KONTAO', 'Adama', '01-01-1998', ' GOMITOGO', NULL, NULL, NULL, NULL, 'PAS VOTER', 5),
(632, 'FST1819MA006988', NULL, 'KOUMA', 'Cheickna amalla', '15-03-1999', ' Bamako', NULL, NULL, NULL, NULL, 'PAS VOTER', 5),
(633, 'FST1819MA007186', NULL, 'MALLE', 'Ichaka', '28-07-1997', ' Niono', NULL, NULL, NULL, NULL, 'PAS VOTER', 5),
(634, 'FST1819MA007175', NULL, 'NDIAYE', 'Hamidou G', '13-03-2000', ' Kayes', NULL, NULL, NULL, NULL, 'PAS VOTER', 5),
(635, 'FST1819MA007069', NULL, 'NIAMASSOUMOU', 'Aly', '11-03-2001', ' BAMAKO', NULL, NULL, NULL, NULL, 'PAS VOTER', 5),
(636, 'FST1819MA007004', NULL, 'OUEDRAOGO', 'Kassim', '01-01-1998', ' Namsiguio', NULL, NULL, NULL, NULL, 'PAS VOTER', 5),
(637, 'FST1819MA007034', NULL, 'PEROU', 'Ansama', '28-07-1999', ' Bandiagara', NULL, NULL, NULL, NULL, 'PAS VOTER', 5),
(638, 'FST1819MA007080', NULL, 'SACKO', 'Emmanuel', '03-05-2000', ' SEGOU', NULL, NULL, NULL, NULL, 'PAS VOTER', 5),
(639, 'FST1819MA007092', NULL, 'SANGARE', 'Ousmane', '22-01-2000', ' Bamako', NULL, NULL, NULL, NULL, 'PAS VOTER', 5),
(640, 'FST1819FA007109', NULL, 'SANGARE', 'Korotoumou', '02-06-2001', ' Bamako', NULL, NULL, NULL, NULL, 'PAS VOTER', 5),
(641, 'FST1819MA007239', NULL, 'SOGOBA', 'Kalifa', '30-09-2000', ' Datien', NULL, NULL, NULL, NULL, 'PAS VOTER', 5),
(642, 'FST1819MA007100', NULL, 'SOUMAORO', 'Cheick Oumar', '28-08-1998', ' Bamako', NULL, NULL, NULL, NULL, 'PAS VOTER', 5),
(643, 'FST1819MA007256', NULL, 'SOUMARE', 'Aboubacar', '23-10-2000', ' Bamako', NULL, NULL, NULL, NULL, 'PAS VOTER', 5),
(644, 'FST1819FA007125', NULL, 'SOUMARE', 'Kadidiatou', '08-10-2000', ' Bamako', NULL, NULL, NULL, NULL, 'PAS VOTER', 5),
(645, 'FST1819MA007059', NULL, 'TANDINA', 'Maharafa Oumar', '03-08-1999', ' Bamako', NULL, NULL, NULL, NULL, 'PAS VOTER', 5),
(646, 'FST1819MA007003', NULL, 'TOGOLA', 'Idrissa mamy', '24-09-2000', ' Bamako', NULL, NULL, NULL, NULL, 'PAS VOTER', 5),
(647, 'FST1819MB007310', NULL, 'TOURE', 'Ibrahim', '24-08-1996', ' Kati', NULL, NULL, NULL, NULL, 'PAS VOTER', 5),
(648, 'FST1819MA007084', NULL, 'TOURE', 'Issouf', '05-02-2002', ' Bamako', NULL, NULL, NULL, NULL, 'PAS VOTER', 5),
(649, 'FST1819FA007178', NULL, 'TRAORE', 'Assetou', '31-03-2001', ' Bamako', NULL, NULL, NULL, NULL, 'PAS VOTER', 5),
(650, 'FST1819MA007191', NULL, 'TRAORE', 'Mahamadou', '07-09-2000', ' Bamako', NULL, NULL, NULL, NULL, 'PAS VOTER', 5),
(651, 'FST1819FA007234', NULL, 'TRAORE', 'Fatoumata Idriss', '19-02-2001', ' Gao', NULL, NULL, NULL, NULL, 'PAS VOTER', 5),
(652, 'FST1819MA006986', NULL, 'TRAORE', 'Lassine', '17-06-2001', ' Sakoibougou - Segou', NULL, NULL, NULL, NULL, 'PAS VOTER', 5),
(653, 'FST1819MA007022', NULL, 'TRAORE', 'Bourama O.', '31-12-1999', ' Kotoumou', NULL, NULL, NULL, NULL, 'PAS VOTER', 5),
(654, 'FST1819MA007295', NULL, 'TRAORE', 'Abdramane', '05-11-2001', ' Kalaban Coro', NULL, NULL, NULL, NULL, 'PAS VOTER', 5),
(655, 'FST1819FA007160', NULL, 'TRAORE', 'Nejma Binta', '09-02-1998', ' BAMAKO', NULL, NULL, NULL, NULL, 'PAS VOTER', 5),
(656, 'FST1819MA007306', NULL, 'YARO', 'Mamadou Mahamane', '11-07-2000', ' BAMAKO', NULL, NULL, NULL, NULL, 'PAS VOTER', 5),
(657, 'FST1819MA007455', NULL, 'BAH', 'Mamadou Lamine', '11-01-2002', ' Bamako', NULL, NULL, NULL, NULL, 'PAS VOTER', 5),
(658, 'FST1819FA007077', NULL, 'BOUARE', 'Hawa', '12-10-1998', ' Niono', NULL, NULL, NULL, NULL, 'PAS VOTER', 5),
(659, 'FST1819MA007167', NULL, 'BOUARE', 'Mamoutou', '04-11-1998', ' BAMAKO', NULL, NULL, NULL, NULL, 'PAS VOTER', 5),
(660, 'FST1819FA007199', NULL, 'DE', 'Fatoumata', '06-10-2001', ' BAMAKO', NULL, NULL, NULL, NULL, 'PAS VOTER', 5),
(661, 'FST1819MA007337', NULL, 'DEMBELE', 'Mahamadou', '17-07-2000', ' Bamako', NULL, NULL, NULL, NULL, 'PAS VOTER', 5),
(662, 'FST1819MA007488', NULL, 'DIAKITE', 'Ousmane', '19-04-2000', ' Kalaban Coro', NULL, NULL, NULL, NULL, 'PAS VOTER', 5),
(663, 'FST1819FA006982', NULL, 'DIAKITE', 'Korotoumou', '25-09-2001', ' Bamako', NULL, NULL, NULL, NULL, 'PAS VOTER', 5),
(664, 'FST1819MC007254', NULL, 'DIAKITE', 'Ibrahim', '10-04-1995', ' NGrakon', NULL, NULL, NULL, NULL, 'PAS VOTER', 5),
(665, 'FST1819FA007201', NULL, 'DIALLO', 'Aminata Lassine', '04-09-1999', ' Dire', NULL, NULL, NULL, NULL, 'PAS VOTER', 5),
(666, 'FST1819MA007226', NULL, 'DIALLO', 'Modibo', '10-11-2000', ' Bamako', NULL, NULL, NULL, NULL, 'PAS VOTER', 5),
(667, 'FST1819MA007115', NULL, 'DIALLO', 'Harouna', '12-07-1998', ' Bamako', NULL, NULL, NULL, NULL, 'PAS VOTER', 5),
(668, 'FST1819MA007118', NULL, 'DIAOU', 'Ousmane', '01-01-1998', ' Gavinane', NULL, NULL, NULL, NULL, 'PAS VOTER', 5),
(669, 'FST1819FA007426', NULL, 'DIARRA', 'Aissatou', '18-04-2001', ' Bamako', NULL, NULL, NULL, NULL, 'PAS VOTER', 5),
(670, 'FST1819MA006990', NULL, 'DIARRA', 'Abari Pascal', '20-04-2000', ' Bamako', NULL, NULL, NULL, NULL, 'PAS VOTER', 5),
(671, 'FST1819MA007032', NULL, 'DIARRA', 'Abdou', '07-07-2001', ' Kayes', NULL, NULL, NULL, NULL, 'PAS VOTER', 5),
(672, 'FST1819MA007057', NULL, 'DIARRA', 'Adama', '20-01-2000', ' Bamako', NULL, NULL, NULL, NULL, 'PAS VOTER', 5),
(673, 'FST1819MA007192', NULL, 'DIARRA SY', 'Oumar', '01-01-1996', ' Bamako', NULL, NULL, NULL, NULL, 'PAS VOTER', 5),
(674, 'FST1819MA007181', NULL, 'DIAWARA', 'Hamadoun', '14-05-2000', ' Bamako', NULL, NULL, NULL, NULL, 'PAS VOTER', 5),
(675, 'FST1819FA007499', NULL, 'DIAWARA', 'Nourra Seydou', '23-11-2001', ' Bamako', NULL, NULL, NULL, NULL, 'PAS VOTER', 5),
(676, 'FST1819MA007242', NULL, 'DICKO', 'Mahamadou', '19-10-2000', ' Mopti', NULL, NULL, NULL, NULL, 'PAS VOTER', 5),
(677, 'FST1819MA007432', NULL, 'DOUMBIA', 'Moussa', '13-01-2001', ' Bamako', NULL, NULL, NULL, NULL, 'PAS VOTER', 5),
(678, 'FST1819MA007194', NULL, 'FOFANA', 'Sekou', '04-04-1999', ' Sanso', NULL, NULL, NULL, NULL, 'PAS VOTER', 5),
(679, 'FST1819MA007152', NULL, 'FOMBA', 'Lamine', '04-11-1999', ' Fana', NULL, NULL, NULL, NULL, 'PAS VOTER', 5),
(680, 'FST1819MA007311', NULL, 'GUINDO', 'Harouna', '14-09-1999', ' MOPTI', NULL, NULL, NULL, NULL, 'PAS VOTER', 5),
(681, 'FST1819FA007126', NULL, 'KANE', 'Djelika', '19-11-2001', ' Douentza', NULL, NULL, NULL, NULL, 'PAS VOTER', 5),
(682, 'FST1819MA007087', NULL, 'KEITA', 'Seydina Oumar', '18-08-2001', ' Bamako', NULL, NULL, NULL, NULL, 'PAS VOTER', 5),
(683, 'FST1819MA006976', NULL, 'KOITE', 'Bambo', '06-11-1999', ' Bamako', NULL, NULL, NULL, NULL, 'PAS VOTER', 5),
(684, 'FST1819MA007187', NULL, 'KONE', 'Houdou', '04-11-1998', ' Sikasso', NULL, NULL, NULL, NULL, 'PAS VOTER', 5),
(685, 'FST1819MA007033', NULL, 'KONE', 'Mamadou', '01-05-2000', ' Bamako', NULL, NULL, NULL, NULL, 'PAS VOTER', 5),
(686, 'FST1819MA007068', NULL, 'MANGARA', 'Toumani Mamadou', '05-12-1999', ' Bamako', NULL, NULL, NULL, NULL, 'PAS VOTER', 5),
(687, 'FST1819MA007413', NULL, 'NDAOU', 'Moussa', '12-04-2000', ' Bamako', NULL, NULL, NULL, NULL, 'PAS VOTER', 5),
(688, 'FST1819MA007325', NULL, 'SACKO', 'Abdoulaye', '05-06-2000', ' Bamako', NULL, NULL, NULL, NULL, 'PAS VOTER', 5),
(689, 'FST1819MA007075', NULL, 'SANOGO', 'Moussa', '26-08-1997', ' Markala', NULL, NULL, NULL, NULL, 'PAS VOTER', 5),
(690, 'FST1819MA007290', NULL, 'SIDIBE', 'Mohamed', '08-05-2000', ' Bamako', NULL, NULL, NULL, NULL, 'PAS VOTER', 5),
(691, 'FST1819MA007107', NULL, 'SIMAGA', 'Abou Ismaila', '06-02-2001', ' Kita', NULL, NULL, NULL, NULL, 'PAS VOTER', 5),
(692, 'FST1819MA007227', NULL, 'SOW', 'Aliou', '31-12-1998', ' GAVINAME', NULL, NULL, NULL, NULL, 'PAS VOTER', 5),
(693, 'FST1819MA007298', NULL, 'TOGOLA', 'Teneman Amadou', '30-04-2001', ' Bamako', NULL, NULL, NULL, NULL, 'PAS VOTER', 5),
(694, 'FST1819MA007035', NULL, 'TOURE', 'Cheick Aweissou Karaneni', '13-02-2001', ' Bamako', NULL, NULL, NULL, NULL, 'PAS VOTER', 5),
(695, 'FST1819FA007265', NULL, 'TRAORE', 'Aminata', '03-07-2000', ' Bamako', NULL, NULL, NULL, NULL, 'PAS VOTER', 5),
(696, 'FST1819MA007110', NULL, 'TRAORE', 'Daouda', '18-04-2001', ' Bamako', NULL, NULL, NULL, NULL, 'PAS VOTER', 5),
(697, 'FST1819MA007142', NULL, 'TRAORE', 'Drissa Sidiki', '05-01-2001', ' Bamako', NULL, NULL, NULL, NULL, 'PAS VOTER', 5),
(698, 'FST1819FA007258', NULL, 'YIRAMPO', 'Mariam', '08-01-2002', ' Bamako', NULL, NULL, NULL, NULL, 'PAS VOTER', 5),
(699, 'FST1819FB007512', NULL, 'DIAKITE', 'Zulaika', ' 03-02-1999', ' Bamako', NULL, NULL, NULL, NULL, 'PAS VOTER', 5),
(700, 'FST1819MA007361', NULL, 'BERTHE', 'Salia', '25-04-2001', ' Bamako', NULL, NULL, NULL, NULL, 'PAS VOTER', 5),
(701, 'FST1819MA007391', NULL, 'CISSE', 'Zanke', '28-11-1998', ' Lobougoula', NULL, NULL, NULL, NULL, 'PAS VOTER', 5),
(702, 'FST1819MA007355', NULL, 'COULIBALY', 'Adama', '25-12-1997', ' Bamako', NULL, NULL, NULL, NULL, 'PAS VOTER', 5),
(703, 'FST1819MA007408', NULL, 'COULIBALY', 'Mamourou', '22-06-2001', ' Segou', NULL, NULL, NULL, NULL, 'PAS VOTER', 5),
(704, 'FST1819MA007369', NULL, 'DIALLO', 'Adama', '21-05-2001', ' GAO', NULL, NULL, NULL, NULL, 'PAS VOTER', 5),
(705, 'FST1819MA007453', NULL, 'DIARRA', 'Mikailou', '01-01-1998', ' Bamako', NULL, NULL, NULL, NULL, 'PAS VOTER', 5),
(706, 'FST1819MA007334', NULL, 'DIARRA', 'Ismael', '30-09-2001', ' Bamako', NULL, NULL, NULL, NULL, 'PAS VOTER', 5),
(707, 'FST1819MC007351', NULL, 'DIAWARA', 'Abdoulaye', '08-05-2001', ' Libreville', NULL, NULL, NULL, NULL, 'PAS VOTER', 5),
(708, 'FST1819MA007323', NULL, 'KEITA', 'Moussa Moise', '28-04-1999', ' GUENE-GORE', NULL, NULL, NULL, NULL, 'PAS VOTER', 5),
(709, 'FST1819MA007414', NULL, 'NDIAYE', 'Abdoulaye Zakiou', '17-09-2001', ' Bamako', NULL, NULL, NULL, NULL, 'PAS VOTER', 5),
(710, 'FST1819MA007452', NULL, 'SIDIBE', 'Sekou', '27-02-1998', ' Bamako', NULL, NULL, NULL, NULL, 'PAS VOTER', 5),
(711, 'FST1819FA007388', NULL, 'SIDIBE', 'Rokia Mahamadou', '28-06-1997', ' Bamako', NULL, NULL, NULL, NULL, 'PAS VOTER', 5),
(712, 'FST1819FA007352', NULL, 'TANGARA', 'Batian', '01-01-1997', ' Ngouma', NULL, NULL, NULL, NULL, 'PAS VOTER', 5),
(713, 'FST1819FA007335', NULL, 'THIAMA', 'Aminata', '21-01-2002', ' Bamako', NULL, NULL, NULL, NULL, 'PAS VOTER', 5),
(714, 'FST1819MA007383', NULL, 'TOGOLA', 'Yaya', '06-09-1999', ' Bamako', NULL, NULL, NULL, NULL, 'PAS VOTER', 5),
(715, 'FST1819MC007394', NULL, 'TOURE', 'Fanou', '08-12-1995', ' Divo', NULL, NULL, NULL, NULL, 'PAS VOTER', 5),
(716, 'FST1819MA007425', NULL, 'TRAORE', 'Aboubacar Alassane', '15-10-2000', ' Bamako', NULL, NULL, NULL, NULL, 'PAS VOTER', 5),
(717, 'FST1819MA007442', NULL, 'TRAORE', 'Alfousseny m', '14-11-2000', ' Kalaban-Coro', NULL, NULL, NULL, NULL, 'PAS VOTER', 5),
(718, 'FST1819MA007443', NULL, 'TRAORE', 'Alassane m', '14-11-2000', ' Kalaban-Coro', NULL, NULL, NULL, NULL, 'PAS VOTER', 5),
(719, 'FST1819MA007345', NULL, 'TRAORE', 'Amadou', '05-03-1999', ' SEGOU', NULL, NULL, NULL, NULL, 'PAS VOTER', 5),
(720, 'FST1819MA007322', NULL, 'YOUNOUSSOU', 'Moussa', '01-01-1998', ' Badjihaoussa', NULL, NULL, NULL, NULL, 'PAS VOTER', 5),
(721, 'FST1819MA007231', NULL, 'BAYOKO', 'Aboubacar', '03-06-1997', ' Bamako', NULL, NULL, NULL, NULL, 'PAS VOTER', 5),
(722, 'FST1819MA006945', NULL, 'COULIBALY', 'Sidy Mohamed', '26-03-1999', ' Bamako', NULL, NULL, NULL, NULL, 'PAS VOTER', 5),
(723, 'FST1819MA006440', NULL, 'COULIBALY', 'Yaya', '12-02-1998', ' Bamako', NULL, NULL, NULL, NULL, 'PAS VOTER', 5),
(724, 'FST1819MA006826', NULL, 'COULIBALY', 'Sekou', '01-03-1996', ' Sikasso', NULL, NULL, NULL, NULL, 'PAS VOTER', 5),
(725, 'FST1819MA007145', NULL, 'DEMBELE', 'Souleymane', '25-10-2000', ' Segou', NULL, NULL, NULL, NULL, 'PAS VOTER', 5),
(726, 'FST1819MA007058', NULL, 'DIALLO', 'Salif', '05-03-1999', ' Bamako', NULL, NULL, NULL, NULL, 'PAS VOTER', 5),
(727, 'FST1819FA007286', NULL, 'DIARRA', 'Oumouna', '01-10-2001', ' Bamako', NULL, NULL, NULL, NULL, 'PAS VOTER', 5),
(728, 'FST1819MA007427', NULL, 'DICKO', 'Mohamed', '01-01-1998', ' Bamako', NULL, NULL, NULL, NULL, 'PAS VOTER', 5),
(729, 'FST1819MA006644', NULL, 'DOUMBIA', 'Barou Aliou', '11-11-2000', ' Bamako', NULL, NULL, NULL, NULL, 'PAS VOTER', 5),
(730, 'FST1819MA007489', NULL, 'DOUMBO', 'Laya Moussa', 'Vers', 'Neant', NULL, NULL, NULL, NULL, 'PAS VOTER', 5),
(731, 'FST1819MA006414', NULL, 'DRAME', 'Ibrahim Khalil', '18-10-2000', ' Bamako', NULL, NULL, NULL, NULL, 'PAS VOTER', 5),
(732, 'FST1819MA007462', NULL, 'SANGARE', 'Moussa', '14-01-1997', ' BAMAKO', NULL, NULL, NULL, NULL, 'PAS VOTER', 5),
(733, 'FST1819FA006365', NULL, 'TOURE', 'Dalla halima sambi', '27-11-1999', ' Bamako', NULL, NULL, NULL, NULL, 'PAS VOTER', 5),
(734, 'FST1819MA006901', NULL, 'TRAORE', 'Amadou', '01-11-1999', ' Bamako', NULL, NULL, NULL, NULL, 'PAS VOTER', 5),
(735, 'FST1819MA007469', NULL, 'DIALLO', 'Kola', '01-01-1998', ' Sevare', NULL, NULL, NULL, NULL, 'PAS VOTER', 5),
(736, 'FST1819MA007431', NULL, 'KANE', 'Souleymane Tieman', '07-11-2000', ' Bamako', NULL, NULL, NULL, NULL, 'PAS VOTER', 5),
(737, 'FST1819FA007476', NULL, 'KANTE', 'Kadidiatou', '12-03-2001', ' Sikasso', NULL, NULL, NULL, NULL, 'PAS VOTER', 5),
(738, 'FST1819MA007324', NULL, 'KEITA', 'Bamba', '14-07-1998', ' Mogoyafara', NULL, NULL, NULL, NULL, 'PAS VOTER', 5),
(739, 'FST1819MA007346', NULL, 'NIAKATE', 'Massire', '01-10-2000', ' Bamako', NULL, NULL, NULL, NULL, 'PAS VOTER', 5),
(740, 'FST1819FA007312', NULL, 'SISSOKO', 'Oumou', '26-09-2000', ' Soukoutaly', NULL, NULL, NULL, NULL, 'PAS VOTER', 5),
(741, 'FST1819FA007486', NULL, 'SOGOBA', 'Kadidiatou', '18-01-2001', ' Sevare', NULL, NULL, NULL, NULL, 'PAS VOTER', 6),
(742, 'FST1819MC007320', NULL, 'TRAORE', 'Moussa', '27-12-1997', ' Vavoua', NULL, NULL, NULL, NULL, 'PAS VOTER', 6),
(743, 'FST1718MA004600', NULL, 'BAGAYOKO', 'Gilbert', '24-08-1999', ' BAMAKO', NULL, NULL, NULL, NULL, 'PAS VOTER', 6),
(744, 'FST1718MA004988', NULL, 'BAH', 'Djabri', '21-07-1999', ' Sikasso', NULL, NULL, NULL, NULL, 'PAS VOTER', 6),
(745, 'FST1718FA005005', NULL, 'BATHILY', 'Rokia', '07-10-1999', ' Nioro', NULL, NULL, NULL, NULL, 'PAS VOTER', 6),
(746, 'FST1718MA004749', NULL, 'BERTHE', 'Mamoutou', '28-03-2000', ' Bamako', NULL, NULL, NULL, NULL, 'PAS VOTER', 6),
(747, 'FST1718MA006007', NULL, 'CISSE', 'Adama', '26-08-1998', ' Sanankoroba', NULL, NULL, NULL, NULL, 'PAS VOTER', 6),
(748, 'FST1718MA005464', NULL, 'COULIBALY', 'Diakaridia', '19-04-1998', ' NTabacoro', NULL, NULL, NULL, NULL, 'PAS VOTER', 6),
(749, 'FST1718MA005539', NULL, 'COULIBALY', 'Antoine i.', '05-07-1994', ' Adjame', NULL, NULL, NULL, NULL, 'PAS VOTER', 6),
(750, 'FST1718MA005811', NULL, 'COULIBALY', 'Kongozanga', '17-06-1999', ' BAMAKO', NULL, NULL, NULL, NULL, 'PAS VOTER', 6),
(751, 'FST1718MA006109', NULL, 'COULIBALY', 'Moussa idrissa', '06-03-1998', ' Bamako', NULL, NULL, NULL, NULL, 'PAS VOTER', 6),
(752, 'FST1617FE000078', NULL, 'COULIBALY', 'Mariam', '11-01-1997', ' DIVO (RCI)', NULL, NULL, NULL, NULL, 'PAS VOTER', 6),
(753, 'FST1718MA005859', NULL, 'COULIBALY', 'Mamadou', '30-05-1998', ' BAMAKO', NULL, NULL, NULL, NULL, 'PAS VOTER', 6),
(754, 'FST1112136160', NULL, 'COULIBALY', 'Moussa A', '22-09-1992', ' BAMAKO', NULL, NULL, NULL, NULL, 'PAS VOTER', 6),
(755, 'FST1718MA005468', NULL, 'DANFAGA', 'Pascal daouda', '02-04-1998', ' kayes', NULL, NULL, NULL, NULL, 'PAS VOTER', 6),
(756, 'FST1718FA005381', NULL, 'DEMBELE', 'Fatoumata', '01-01-1999', ' segou', NULL, NULL, NULL, NULL, 'PAS VOTER', 6),
(757, 'FST1718FA006121', NULL, 'DEMBELE', 'Fatoumata dite yah', '01-01-2000', ' Segou', NULL, NULL, NULL, NULL, 'PAS VOTER', 6),
(758, 'FST1718MA005805', NULL, 'DIABATE', 'Yaya yamadou', '13-01-1999', ' Bamako', NULL, NULL, NULL, NULL, 'PAS VOTER', 6),
(759, 'FST1718MA005439', NULL, 'DIANE', 'Mamadou', '31-12-1994', ' Balandougou', NULL, NULL, NULL, NULL, 'PAS VOTER', 6),
(760, 'FST1718MA004685', NULL, 'DIARRA', 'Denis ananou', '01-01-1996', ' Niama', NULL, NULL, NULL, NULL, 'PAS VOTER', 6),
(761, 'FST1718MA004686', NULL, 'DIARRA', 'Abdou', '19-09-1997', ' Sikasso', NULL, NULL, NULL, NULL, 'PAS VOTER', 6),
(762, 'FST1718MA004351', NULL, 'DIARRA', 'Moussa', '11-06-1998', ' Bamako', NULL, NULL, NULL, NULL, 'PAS VOTER', 6),
(763, 'FST1718FA005749', NULL, 'DIAWARA', 'Maro', '12-01-2000', ' Bamako', NULL, NULL, NULL, NULL, 'PAS VOTER', 6),
(764, 'FST1718MA004857', NULL, 'GOITA', 'Yakouba', '22-11-1997', ' Kassiola', NULL, NULL, NULL, NULL, 'PAS VOTER', 6),
(765, 'FST1617MA003896', NULL, 'KANTE', 'Diakaridia l', '10-04-1995', ' Bamako', NULL, NULL, NULL, NULL, 'PAS VOTER', 6),
(766, 'FST1718MA005984', NULL, 'KASSOGUE', 'Bouckel hamidou', '31-12-1994', ' tenne', NULL, NULL, NULL, NULL, 'PAS VOTER', 6),
(767, 'FST1718FA005412', NULL, 'KEITA', 'Kadia abdoulaye', '14-10-1999', ' Bamako', NULL, NULL, NULL, NULL, 'PAS VOTER', 6),
(768, 'FST1718MA005734', NULL, 'KEITA', 'Mohamed', '14-08-1998', ' Bamako', NULL, NULL, NULL, NULL, 'PAS VOTER', 6),
(769, 'FST1718FA005077', NULL, 'KEITA', 'Kafoune n', '21-04-1997', ' Bamako', NULL, NULL, NULL, NULL, 'PAS VOTER', 6),
(770, 'FST1718MA005308', NULL, 'KODIO', 'Fidel', '31-12-1997', ' Doma', NULL, NULL, NULL, NULL, 'PAS VOTER', 6),
(771, 'FST1718MA005942', NULL, 'KONATE', 'Lassine', '29-12-1995', ' Bamako', NULL, NULL, NULL, NULL, 'PAS VOTER', 6),
(772, 'FST1718MA004261', NULL, 'KONATE', 'Sekou', '31-12-1998', ' Kiffosso I', NULL, NULL, NULL, NULL, 'PAS VOTER', 6),
(773, 'FST1718MA004956', NULL, 'KONE', 'Abou', '03-11-1998', ' Bamako', NULL, NULL, NULL, NULL, 'PAS VOTER', 6),
(774, 'FST1718MA005348', NULL, 'KONE', 'Kassim', '04-02-1998', ' Bamako', NULL, NULL, NULL, NULL, 'PAS VOTER', 6),
(775, 'FST1718MA004977', NULL, 'MAIGA', 'Mahamadou', '15-04-1999', ' Dire', NULL, NULL, NULL, NULL, 'PAS VOTER', 6),
(776, 'FST1718MA004248', NULL, 'MAIGA', 'Djibrilla', '07-06-1998', ' Bamako', NULL, NULL, NULL, NULL, 'PAS VOTER', 6),
(777, 'FST1718MA005748', NULL, 'MALLE', 'Modibo', '06-01-1995', ' Karagouana', NULL, NULL, NULL, NULL, 'PAS VOTER', 6),
(778, 'FST1718MA005006', NULL, 'MARIKO', 'Koniba', '30-11-1998', ' Diema', NULL, NULL, NULL, NULL, 'PAS VOTER', 6),
(779, 'FST1718MA004327', NULL, 'NANTOUME', 'Fatoumata', '21-09-1999', ' sogoniko bamako', NULL, NULL, NULL, NULL, 'PAS VOTER', 6),
(780, 'FST1718MA005137', NULL, 'SANOGO', 'Kassim', '14-10-2000', ' Sanzana', NULL, NULL, NULL, NULL, 'PAS VOTER', 6),
(781, 'FST78MA004635', NULL, 'SANOGO', 'Marika', '31-12-1997', ' Molasso', NULL, NULL, NULL, NULL, 'PAS VOTER', 6),
(782, 'FST1718MA005180', NULL, 'SANOU', 'Dieudonne', '22-07-2000', ' Bamako', NULL, NULL, NULL, NULL, 'PAS VOTER', 6),
(783, 'FST1718MA004748', NULL, 'SIDIBE', 'Ibrahima khalil', '03-09-1999', ' Bamako', NULL, NULL, NULL, NULL, 'PAS VOTER', 6),
(784, 'FST1718FA004298', NULL, 'SIDIBE', 'Astan', '05-12-1999', ' KOROFINA', NULL, NULL, NULL, NULL, 'PAS VOTER', 6),
(785, 'FST1718FA004966', NULL, 'SOGORE', 'Salimata', '07-08-1996', ' segou', NULL, NULL, NULL, NULL, 'PAS VOTER', 6),
(786, 'FST1718MA005894', NULL, 'SY', 'Guimba', '26-01-1997', ' Bamako', NULL, NULL, NULL, NULL, 'PAS VOTER', 6),
(787, 'FST1718MA005965', NULL, 'TIAMA', 'Abdoul kader', '04-06-1997', ' Bamako', NULL, NULL, NULL, NULL, 'PAS VOTER', 6),
(788, 'FST1718FA004960', NULL, 'TRAORE', 'Ouleymatou', '04-06-2000', ' Segou', NULL, NULL, NULL, NULL, 'PAS VOTER', 6),
(789, 'FST1718MA006072', NULL, 'TRAORE', 'Mohamed', '18-09-1998', ' Bamako', NULL, NULL, NULL, NULL, 'PAS VOTER', 6),
(790, 'FST1617MA003808', NULL, 'TRAORE', 'Hamidou', '25-05-1996', ' Segou', NULL, NULL, NULL, NULL, 'PAS VOTER', 6),
(791, 'FST1718MA004583', NULL, 'TRAORE', 'Cheick sidi mohamed', '29-01-1998', ' Bamako', NULL, NULL, NULL, NULL, 'PAS VOTER', 6),
(792, 'FST1718FA005629', NULL, 'TRAORE', 'Kany dite nah', '26-04-1997', ' Bamako', NULL, NULL, NULL, NULL, 'PAS VOTER', 6),
(793, 'FST1718MA004736', NULL, 'BAH', 'Amadou', '03-04-1997', ' Kamale', NULL, NULL, NULL, NULL, 'PAS VOTER', 6),
(794, 'FST1718MA006032', NULL, 'BAH', 'Daouda', '11-10-1992', ' Bamako', NULL, NULL, NULL, NULL, 'PAS VOTER', 6),
(795, 'FST1718MA005597', NULL, 'BERTHE', 'Abdoulaye', '20-06-1998', ' Borogoba', NULL, NULL, NULL, NULL, 'PAS VOTER', 6),
(796, 'FST1718MA005452', NULL, 'CAMARA', 'Aboubacar', '28-01-1998', ' Bamako', NULL, NULL, NULL, NULL, 'PAS VOTER', 6),
(797, 'FST1718MA004700', NULL, 'CAMARA', 'Cheickna warke', '13-07-1999', ' Bamako', NULL, NULL, NULL, NULL, 'PAS VOTER', 6),
(798, 'FST1718FA006027', NULL, 'CAMARA', 'Hawa delphine', '12-08-1998', ' Bamako', NULL, NULL, NULL, NULL, 'PAS VOTER', 6),
(799, 'FST1718MA005845', NULL, 'CAMARA', 'Mamadou', '02-03-1997', ' BAMAKO', NULL, NULL, NULL, NULL, 'PAS VOTER', 6),
(800, 'FST1718MA005242', NULL, 'CISSE', 'Banou', '29-10-1998', ' Bamako', NULL, NULL, NULL, NULL, 'PAS VOTER', 6),
(801, 'FST1718MA005914', NULL, 'COULIBALY', 'Ousmane', '27-10-1996', ' KOUTIALA', NULL, NULL, NULL, NULL, 'PAS VOTER', 6),
(802, 'FST1718MA004957', NULL, 'DIABATE', 'Setigui', '29-09-2000', ' Bamako', NULL, NULL, NULL, NULL, 'PAS VOTER', 6),
(803, 'FST1718MA005275', NULL, 'DIAKITE', 'Namakoro dit daouda', '21-12-1999', ' BAMAKO', NULL, NULL, NULL, NULL, 'PAS VOTER', 6),
(804, 'FST1718MA005341', NULL, 'DIAKITE', 'Lassana kaba', '24-05-1999', ' BAMAKO', NULL, NULL, NULL, NULL, 'PAS VOTER', 6),
(805, 'FST1718MA005924', NULL, 'DIARRA', 'Seydou', '15-08-1994', ' Oure', NULL, NULL, NULL, NULL, 'PAS VOTER', 6),
(806, 'FST1718FA005972', NULL, 'DIARRA', 'Fatoumata', '25-11-1998', ' sevare', NULL, NULL, NULL, NULL, 'PAS VOTER', 6),
(807, 'FST1718FA005078', NULL, 'DIAWARA', 'Mariam miranda', '30-12-1998', ' Bamako', NULL, NULL, NULL, NULL, 'PAS VOTER', 6),
(808, 'FST1718MA004738', NULL, 'DOUCOURE', 'Sekou', '12-01-1999', ' Sevare', NULL, NULL, NULL, NULL, 'PAS VOTER', 6),
(809, 'FST1718MA005603', NULL, 'FOFANA', 'Aguibou', '12-05-2000', ' Bamako', NULL, NULL, NULL, NULL, 'PAS VOTER', 6),
(810, 'FST1718MA005960', NULL, 'GUIROU', 'Boubacar', '12-01-1998', ' Bamako', NULL, NULL, NULL, NULL, 'PAS VOTER', 6),
(811, 'FST1718FA004601', NULL, 'KANE', 'Aminata dite inna', '03-12-1999', ' Segou', NULL, NULL, NULL, NULL, 'PAS VOTER', 6),
(812, 'FST78MA004621', NULL, 'KEITA', 'Tidiane', '01-01-1997', ' Bamako', NULL, NULL, NULL, NULL, 'PAS VOTER', 6),
(813, 'FST1617ME000065', NULL, 'KEITA', 'Bakary', '22-11-1993', ' Bamako', NULL, NULL, NULL, NULL, 'PAS VOTER', 6),
(814, 'FST1718MA005612', NULL, 'KONATE', 'Moctar', '07-05-1997', ' Bamako', NULL, NULL, NULL, NULL, 'PAS VOTER', 6),
(815, 'FST1718MA004710', NULL, 'KONE', 'Amidou', '16-02-1997', ' Koutiala Wala-Wala', NULL, NULL, NULL, NULL, 'PAS VOTER', 6),
(816, 'FST1617MA003344', NULL, 'KONTAGA', 'Famakan', '05-10-1998', ' Bamako', NULL, NULL, NULL, NULL, 'PAS VOTER', 6),
(817, 'FST1718MA005336', NULL, 'KOUMA', 'Mahamadou', '11-10-2001', ' Bamako', NULL, NULL, NULL, NULL, 'PAS VOTER', 6),
(818, 'FST1718MA005338', NULL, 'KOUMA', 'Mahamadou', '31-12-1996', ' BAMAKO', NULL, NULL, NULL, NULL, 'PAS VOTER', 6),
(819, 'FST1718MA005004', NULL, 'MACALOU', 'Sara', '03-07-1998', ' Bamako', NULL, NULL, NULL, NULL, 'PAS VOTER', 6),
(820, 'FST1718MA004252', NULL, 'MAIGA', 'Daouda', '17-05-1997', ' BAMAKO', NULL, NULL, NULL, NULL, 'PAS VOTER', 6),
(821, 'FST1718MA005076', NULL, 'MAIGA', 'Adama oumarou', '14-09-1999', ' Gao', NULL, NULL, NULL, NULL, 'PAS VOTER', 6),
(822, 'FST1617MB003997', NULL, 'NABE', 'Aboubacar', '20-06-1985', ' Bamako', NULL, NULL, NULL, NULL, 'PAS VOTER', 6),
(823, 'FST1718FA006052', NULL, 'SACKO', 'Aminata', '12-03-1998', ' Bamako', NULL, NULL, NULL, NULL, 'PAS VOTER', 6),
(824, 'FST1718MA005495', NULL, 'SAIFOULAYE', 'Mahamar', '31-12-1999', ' hawa', NULL, NULL, NULL, NULL, 'PAS VOTER', 6),
(825, 'FST1617FA003525', NULL, 'SAMAKE', 'Mariam baba', '08-04-1999', ' Bamako', NULL, NULL, NULL, NULL, 'PAS VOTER', 6),
(826, 'FST1718MA005669', NULL, 'SANOGO', 'Ntji', '14-04-1997', ' Bamako', NULL, NULL, NULL, NULL, 'PAS VOTER', 6),
(827, 'FST1718MA005812', NULL, 'SIDIBE', 'Dramane', '30-10-1998', ' tombouctou', NULL, NULL, NULL, NULL, 'PAS VOTER', 6),
(828, 'FST1718FA005550', NULL, 'SIMPARA', 'Aminata', '21-08-1999', ' Bamako', NULL, NULL, NULL, NULL, 'PAS VOTER', 6),
(829, 'FST1718FA005722', NULL, 'THERA', 'Kadidiatou', '26-10-1999', ' San', NULL, NULL, NULL, NULL, 'PAS VOTER', 6),
(830, 'FST1718FA005102', NULL, 'TOGO', 'Yaguime delphine', '11-10-1998', ' Pel Maoude', NULL, NULL, NULL, NULL, 'PAS VOTER', 6),
(831, 'FST1617MA003829', NULL, 'TOLO', 'Yolo Aboubakar', '08-11-1999', ' Bamako', NULL, NULL, NULL, NULL, 'PAS VOTER', 6),
(832, 'FST1718MA006004', NULL, 'TOURE', 'Bocar', '25-06-1998', ' mopti', NULL, NULL, NULL, NULL, 'PAS VOTER', 6),
(833, 'FST1718MA004222', NULL, 'TOURE', 'Hamady idrissa', '11-03-1997', ' Niono', NULL, NULL, NULL, NULL, 'PAS VOTER', 6),
(834, 'FST1718MA006014', NULL, 'TOURE', 'Abdoulaye imirane', '17-05-2000', ' Bourem', NULL, NULL, NULL, NULL, 'PAS VOTER', 6),
(835, 'FST1718MA005958', NULL, 'TRAORE', 'Mohamed', '01-01-1998', ' Bamako', NULL, NULL, NULL, NULL, 'PAS VOTER', 6),
(836, 'FST1718MA005199', NULL, 'TRAORE', 'Ahmadou', '20-01-1999', ' Niono', NULL, NULL, NULL, NULL, 'PAS VOTER', 6),
(837, 'FST1718FA004227', NULL, 'TRAORE', 'Mariam', '19-05-2001', ' Bamako', NULL, NULL, NULL, NULL, 'PAS VOTER', 6),
(838, 'FST1718FA006020', NULL, 'TRAORE', 'Ramatou', '04-07-1998', ' Bamako', NULL, NULL, NULL, NULL, 'PAS VOTER', 6),
(839, 'FST1617MA003528', NULL, 'TRAORE', 'Modibo', '17-06-1996', ' Siribougou', NULL, NULL, NULL, NULL, 'PAS VOTER', 6),
(840, 'FST1718MA005086', NULL, 'TRAORE', 'Abou modibo', '12-06-2000', ' Bamako', NULL, NULL, NULL, NULL, 'PAS VOTER', 6);
INSERT INTO `electeur` (`id_Electeur`, `numElecteur`, `numMatricule`, `nom`, `prenom`, `date_naissance`, `lieu_naissance`, `pays_nationalite`, `parcours`, `statut`, `genre`, `etat`, `id_bureau`) VALUES
(841, 'FST1718MA005869', NULL, 'TRAORE', 'Abdoulaye', '04-06-1999', ' BAMAKO', NULL, NULL, NULL, NULL, 'PAS VOTER', 6),
(842, 'FST1718MA004346', NULL, 'TRAORE', 'Oumar', '01-06-1997', ' Dogodouman', NULL, NULL, NULL, NULL, 'PAS VOTER', 6),
(843, 'FST1819MA006419', NULL, 'DABOU', 'Pascal', '05-11-1999', ' Yabara', NULL, NULL, NULL, NULL, 'PAS VOTER', 6),
(844, 'FST1819MA006379', NULL, 'DANSOKO', 'Laike', '18-10-1999', ' Toukoto', NULL, NULL, NULL, NULL, 'PAS VOTER', 6),
(845, 'FST1819MA006190', NULL, 'DIABY', 'Lassana', '13-06-2000', ' Kayes', NULL, NULL, NULL, NULL, 'PAS VOTER', 6),
(846, 'FST1819MA006480', NULL, 'DIARRA', 'Boubacar', '02-04-2000', ' Sikasso', NULL, NULL, NULL, NULL, 'PAS VOTER', 6),
(847, 'FST1819FA006561', NULL, 'FOFANA', 'Adama', '30-10-1999', ' Bamako', NULL, NULL, NULL, NULL, 'PAS VOTER', 6),
(848, 'FST1819MA007023', NULL, 'KEITA', 'Cheick Elbougader', '03-10-1999', ' Bamako', NULL, NULL, NULL, NULL, 'PAS VOTER', 6),
(849, 'FST1819MA006321', NULL, 'MAIGA', 'Mohamadou Halidou', '02-01-2000', ' Bara', NULL, NULL, NULL, NULL, 'PAS VOTER', 6),
(850, 'FST1819MA006245', NULL, 'PEROU', 'Boukari', '01-01-1999', ' Yorou-na', NULL, NULL, NULL, NULL, 'PAS VOTER', 6),
(851, 'FST1819MA006412', NULL, 'PONA', 'Abdoulaye', '16-03-1998', ' SINCINA', NULL, NULL, NULL, NULL, 'PAS VOTER', 6),
(852, 'FST1819MA007252', NULL, 'SACKO', 'Massire', '27-04-2001', ' Bamako', NULL, NULL, NULL, NULL, 'PAS VOTER', 6),
(853, 'FST1819MA006523', NULL, 'TRAORE', 'Aboubakar', '26-10-2000', ' Bamako', NULL, NULL, NULL, NULL, 'PAS VOTER', 6),
(854, 'FST1718FA005731', NULL, 'BAH', 'Djeneba', '09-09-1997', ' Bamako', NULL, NULL, NULL, NULL, 'PAS VOTER', 6),
(855, 'FST1718MA004326', NULL, 'BATE', 'Hamidou', '18-09-1998', ' Bamako', NULL, NULL, NULL, NULL, 'PAS VOTER', 6),
(856, 'FST1718MA004322', NULL, 'BOCOUM', 'Abdoulaye', '05-05-2000', ' Bamako', NULL, NULL, NULL, NULL, 'PAS VOTER', 6),
(857, 'FST1718MA005038', NULL, 'CISSE', 'Sekou', '31-01-1999', ' Bamako', NULL, NULL, NULL, NULL, 'PAS VOTER', 6),
(858, 'FST1718MA005865', NULL, 'CISSE', 'Ahmed ousmane tiemoko', '02-05-1996', ' Bamako', NULL, NULL, NULL, NULL, 'PAS VOTER', 6),
(859, 'FST1718MA005961', NULL, 'DEMBELE', 'Bah aly', '11-05-2000', ' Bamako', NULL, NULL, NULL, NULL, 'PAS VOTER', 6),
(860, 'FST1718MA004735', NULL, 'DEMBELE', 'Mohamed', '15-10-1997', ' Koutiala', NULL, NULL, NULL, NULL, 'PAS VOTER', 6),
(861, 'FST1718MA006071', NULL, 'DIAKITE', 'Amadou d', '04-02-1998', ' Bamako', NULL, NULL, NULL, NULL, 'PAS VOTER', 6),
(862, 'FST1718MA005060', NULL, 'DIAKITE', 'Mory', '15-05-1999', ' Bamako', NULL, NULL, NULL, NULL, 'PAS VOTER', 6),
(863, 'FST1617MA004046', NULL, 'DIALLO', 'Ichiaka', '20-02-1998', ' Bamako', NULL, NULL, NULL, NULL, 'PAS VOTER', 6),
(864, 'FST1718FA004585', NULL, 'DIARRA', 'Mariam', '01-09-1998', ' San', NULL, NULL, NULL, NULL, 'PAS VOTER', 6),
(865, 'FST1718MA005320', NULL, 'DICKO', 'Seydina oumar', '23-01-2000', ' BAMAKO', NULL, NULL, NULL, NULL, 'PAS VOTER', 6),
(866, 'FST1516MA002508', NULL, 'DICKO', 'youssouf', '31-12-1994', ' Kadiolo', NULL, NULL, NULL, NULL, 'PAS VOTER', 6),
(867, 'FST1718MA006080', NULL, 'DOUMBIA', 'Salif', '10-07-1997', ' Bamako', NULL, NULL, NULL, NULL, 'PAS VOTER', 6),
(868, 'FST1718MA005213', NULL, 'FOFANA', 'Amara', '10-10-1997', ' Bamako', NULL, NULL, NULL, NULL, 'PAS VOTER', 6),
(869, 'FST78MA004614', NULL, 'KANE', 'Sekou', '19-03-1997', ' BAMAKO', NULL, NULL, NULL, NULL, 'PAS VOTER', 6),
(870, 'FST1617MA003595', NULL, 'KEITA', 'Mohamed', '27-07-1997', ' Mopti', NULL, NULL, NULL, NULL, 'PAS VOTER', 6),
(871, 'FST1718MA005864', NULL, 'KEITA', 'Mahamadou', '09-06-1998', ' Nyamina', NULL, NULL, NULL, NULL, 'PAS VOTER', 6),
(872, 'FST1718FA005781', NULL, 'KONATE', 'Awa', '29-10-1999', ' Bamako', NULL, NULL, NULL, NULL, 'PAS VOTER', 6),
(873, 'FST1617MA003620', NULL, 'KONE', 'Zoumana', '28-08-1998', ' Bamako', NULL, NULL, NULL, NULL, 'PAS VOTER', 6),
(874, 'FST1718MA004874', NULL, 'KORERA', 'Oumar', '27-12-2000', ' Chicago', NULL, NULL, NULL, NULL, 'PAS VOTER', 6),
(875, 'FST1718MA005848', NULL, 'NIAMBELE', 'Gaoussou', '09-11-1998', ' Bamako', NULL, NULL, NULL, NULL, 'PAS VOTER', 6),
(876, 'FST1718MA005358', NULL, 'OUATTARA', 'Mahamadou kredjo', '28-01-1999', ' Bamako', NULL, NULL, NULL, NULL, 'PAS VOTER', 6),
(877, 'FST1718MA004665', NULL, 'SANGARE', 'Harouna sankouna', '15-11-2000', ' Bamako', NULL, NULL, NULL, NULL, 'PAS VOTER', 6),
(878, 'FST1718MA004758', NULL, 'SANKARE', 'Amadou', '10-08-1998', ' Sofara', NULL, NULL, NULL, NULL, 'PAS VOTER', 6),
(879, 'FST1718MA005596', NULL, 'SANOGO', 'Koutan s.', '09-09-1999', ' Bamako', NULL, NULL, NULL, NULL, 'PAS VOTER', 6),
(880, 'FST1718MA005641', NULL, 'SIDIBE', 'Amadou yaya', '14-11-1999', ' Missabougou', NULL, NULL, NULL, NULL, 'PAS VOTER', 6),
(881, 'FST1718MA005594', NULL, 'SISSOKO', 'Dionke', '01-01-1999', ' Bamako', NULL, NULL, NULL, NULL, 'PAS VOTER', 6),
(882, 'FST1718FA005072', NULL, 'SYLLA', 'Mariam', '14-06-1997', ' Libreville', NULL, NULL, NULL, NULL, 'PAS VOTER', 6),
(883, 'FST1718MA005962', NULL, 'TOGO', 'Badra aly', '27-11-1996', ' Hamdallaye', NULL, NULL, NULL, NULL, 'PAS VOTER', 6),
(884, 'FST1718FA005559', NULL, 'TOURE', 'Soukeina', '31-07-1998', ' Koutiala', NULL, NULL, NULL, NULL, 'PAS VOTER', 6),
(885, 'FST1718MA004875', NULL, 'TRAORE', 'Aliou badra', '07-01-1998', ' BAMAKO', NULL, NULL, NULL, NULL, 'PAS VOTER', 6),
(886, 'FST1718MA006011', NULL, 'TRAORE', 'Salif sory', '01-01-1999', ' Bamako', NULL, NULL, NULL, NULL, 'PAS VOTER', 6),
(887, 'FST1718MA006078', NULL, 'TRAORE', 'Mamadou', '05-09-1998', ' fana', NULL, NULL, NULL, NULL, 'PAS VOTER', 6),
(888, 'FST1718FA005882', NULL, 'TRAORE', 'Kadeba', '01-01-1997', ' BAMAKO', NULL, NULL, NULL, NULL, 'PAS VOTER', 6),
(889, 'FST1415195120', NULL, 'BAGAYOGO', 'Kalilou', '04/05/1995', 'Koutiala', NULL, NULL, NULL, NULL, 'A VOTE', 7),
(890, 'FST1617MA003333', NULL, 'BAGAYOKO', 'Souleymane', '25/08/1997', 'Debena', NULL, NULL, NULL, NULL, 'PAS VOTER', 7),
(891, 'FST1516MA000003', NULL, 'BAKOLON', 'BILALI', '01/01/1995', 'KARGUE', NULL, NULL, NULL, NULL, 'PAS VOTER', 7),
(892, 'FST1516FA000275', NULL, 'BALDE', 'Aishata Ali Oumar', '13/09/1997', 'Bamako', NULL, NULL, NULL, NULL, 'PAS VOTER', 7),
(893, 'FST1617MA004030', NULL, 'BERTHE', 'Salif', '14/10/1995', 'Yanfolila', NULL, NULL, NULL, NULL, 'PAS VOTER', 7),
(894, 'FST1617MA003589', NULL, 'CAMARA', 'Mohamed', '01/01/1994', 'Assa tiemala', NULL, NULL, NULL, NULL, 'PAS VOTER', 7),
(895, 'FST1415200389', NULL, 'CAMARA', 'Mohamed', '25/05/1980', 'BAMAKO', NULL, NULL, NULL, NULL, 'PAS VOTER', 7),
(896, 'FST1516MA000948', NULL, 'CISSE', 'Hamadoun Oumar', '28/12/1994', 'Bourem S Amar', NULL, NULL, NULL, NULL, 'PAS VOTER', 7),
(897, 'FST1617FA003552', NULL, 'CISSOUMA', 'Salimata', '14/06/1998', 'Koutiala', NULL, NULL, NULL, NULL, 'PAS VOTER', 7),
(898, 'FST1415192690', NULL, 'COULIBALY', 'Check Oumar', '05/10/1997', 'Dougabougou', NULL, NULL, NULL, NULL, 'PAS VOTER', 7),
(899, 'FST1617MA003382', NULL, 'COULIBALY', 'Madou', '15/04/1999', 'Kassedougou', NULL, NULL, NULL, NULL, 'PAS VOTER', 7),
(900, 'FST1516MA000885', NULL, 'COULIBALY', 'Bourama', '09/02/1996', 'Nioro du Sahel', NULL, NULL, NULL, NULL, 'PAS VOTER', 7),
(901, 'FST1314182088', NULL, 'COULIBALY', 'Boubacar', '22/09/1978', 'OUELESSEBOU', NULL, NULL, NULL, NULL, 'PAS VOTER', 7),
(902, 'FST1617MB003971', NULL, 'Coulibaly', 'Amadou', '01/01/1978', 'Kati', NULL, NULL, NULL, NULL, 'PAS VOTER', 7),
(903, 'FST1617MA003491', NULL, 'COULIBALY', 'Oumar mory', '22/09/1997', 'Bamako', NULL, NULL, NULL, NULL, 'PAS VOTER', 7),
(904, 'FST1617MA003559', NULL, 'COULIBALY', 'Moussa', '15/04/1993', 'Sikasso', NULL, NULL, NULL, NULL, 'PAS VOTER', 7),
(905, 'FST1415191598', NULL, 'COULIBALY', 'Alabana', '01/08/1994', 'gao', NULL, NULL, NULL, NULL, 'PAS VOTER', 7),
(906, 'FST1516MA001578', NULL, 'DABO', 'LASSINA', '18/10/1997', 'BAMAKO', NULL, NULL, NULL, NULL, 'PAS VOTER', 7),
(907, 'FST1617MA003455', NULL, 'DAOU', 'Samba', '01/01/1998', 'Mansara', NULL, NULL, NULL, NULL, 'PAS VOTER', 7),
(908, 'FST1617MA003393', NULL, 'DEMBELE', 'Bakoro', '15/11/1998', 'DIOILA', NULL, NULL, NULL, NULL, 'PAS VOTER', 7),
(909, 'FAST1011125701', NULL, 'DEMBELE', 'Souleymane M', '25/12/1974', 'MOLOBALA', NULL, NULL, NULL, NULL, 'PAS VOTER', 7),
(910, 'FST1617MA003897', NULL, 'DIABATE', 'Amadou', '11/05/1998', 'Bamako', NULL, NULL, NULL, NULL, 'PAS VOTER', 7),
(911, 'FST1617MA003812', NULL, 'DIABATE', 'Sory', '26/10/1999', 'Bamako', NULL, NULL, NULL, NULL, 'PAS VOTER', 7),
(912, 'FST1516MA000057', NULL, 'Diakite', 'Aguibou', '08/04/1997', 'BAMAKO', NULL, NULL, NULL, NULL, 'PAS VOTER', 7),
(913, 'FST1617MA003877', NULL, 'DIALLO', 'Dramane', '12/08/1997', 'Bamako', NULL, NULL, NULL, NULL, 'PAS VOTER', 7),
(914, 'FST1617MA003424', NULL, 'DIALLO', 'Amadou', '07/10/1996', 'Koniakary', NULL, NULL, NULL, NULL, 'PAS VOTER', 7),
(915, 'FST1617MA003885', NULL, 'DIARRA', 'Alou', '12/08/1998', 'Bamako', NULL, NULL, NULL, NULL, 'PAS VOTER', 7),
(916, 'FST1617FA003383', NULL, 'DIARRA', 'Mariam therese', '26/08/1999', 'BAMAKO', NULL, NULL, NULL, NULL, 'PAS VOTER', 7),
(917, 'FST1617MA003642', NULL, 'DIARRA', 'Modibo', '02/03/1997', 'Macina', NULL, NULL, NULL, NULL, 'PAS VOTER', 7),
(918, 'FST1617FA003694', NULL, 'DIARRA', 'Mariam dite baye', '19/08/1998', 'Dougabougou', NULL, NULL, NULL, NULL, 'PAS VOTER', 7),
(919, 'FST1617MA003987', NULL, 'DIARRA', 'Amadou', '03/10/1997', 'segou', NULL, NULL, NULL, NULL, 'PAS VOTER', 7),
(920, 'FST1617FA004015', NULL, 'DIARRA', 'Fatoumata zahara', '19/09/1999', 'Bamako', NULL, NULL, NULL, NULL, 'PAS VOTER', 7),
(921, 'FST1617MA003267', NULL, 'DIARRA', 'Falle', '01/01/1997', 'Dilly', NULL, NULL, NULL, NULL, 'PAS VOTER', 7),
(922, 'FST1516MA000283', NULL, 'DIASSANA', 'Paul Ouazoun', '24/09/1997', 'Bamako', NULL, NULL, NULL, NULL, 'PAS VOTER', 7),
(923, 'FST1213161469', NULL, 'DIASSANA', 'Sidi Binke', '01/01/1994', 'TENENI', NULL, NULL, NULL, NULL, 'PAS VOTER', 7),
(924, 'FST1516MA001650', NULL, 'DIOURTE', 'Youssouf', '31/12/1994', 'Sikasso', NULL, NULL, NULL, NULL, 'PAS VOTER', 7),
(925, 'FST1617MC004114', NULL, 'DOUMBERE', 'Aboubacar Yaya', '19/05/1997', 'Fresco', NULL, NULL, NULL, NULL, 'PAS VOTER', 7),
(926, 'FST1617FA003724', NULL, 'DOUMBIA', 'Mariam', '19/11/1999', 'Koko-bouake', NULL, NULL, NULL, NULL, 'PAS VOTER', 7),
(927, 'FST1617MA003536', NULL, 'DOUMBIA', 'Soungalo', '22/01/1998', 'Bamako', NULL, NULL, NULL, NULL, 'PAS VOTER', 7),
(928, 'FST1112139661', NULL, 'DOUMBO', 'Assana', '01/01/1993', 'koro', NULL, NULL, NULL, NULL, 'PAS VOTER', 7),
(929, 'FST1516FA000093', NULL, 'FANE', 'Sankoun', '30/01/1994', 'Baguineda', NULL, NULL, NULL, NULL, 'PAS VOTER', 7),
(930, 'FAST1011120484', NULL, 'GARANGO', 'Abdoul Karim', '30/07/1990', 'Kokofata', NULL, NULL, NULL, NULL, 'PAS VOTER', 7),
(931, 'FAST0809057837', NULL, 'GOUANLE', 'Adama', '27/04/1990', 'Dioila', NULL, NULL, NULL, NULL, 'PAS VOTER', 7),
(932, 'FST1617MC004119', NULL, 'GUINDO', 'Ousmane', '09/08/1995', 'Treichville', NULL, NULL, NULL, NULL, 'PAS VOTER', 7),
(933, 'FAST1011116796', NULL, 'GUINDO', 'Abdoulaye', '14/06/1992', 'bamako', NULL, NULL, NULL, NULL, 'PAS VOTER', 7),
(934, 'FST1516MA000352', NULL, 'Guindo', 'Souleymane', '08/03/1997', 'BAMAKO', NULL, NULL, NULL, NULL, 'PAS VOTER', 7),
(935, 'FST1617FA003941', NULL, 'HAIDARA', 'Assetou', '28/12/1997', 'DIORO', NULL, NULL, NULL, NULL, 'PAS VOTER', 7),
(936, 'FST1415190961', NULL, 'HASSANE', 'Mohamed', '19/01/1996', 'Gao', NULL, NULL, NULL, NULL, 'PAS VOTER', 7),
(937, 'FST1617MA003809', NULL, 'KAMISSOKO', 'Ibrahim', '21/04/1996', 'Libreville', NULL, NULL, NULL, NULL, 'PAS VOTER', 8),
(938, 'FST1112149502', NULL, 'KANTE', 'Issiaka', '22/04/1993', 'Bamako', NULL, NULL, NULL, NULL, 'PAS VOTER', 8),
(939, 'FST1516FA000561', NULL, 'Kaya', 'Oumou Alassane', '03/03/1997', 'Bamako', NULL, NULL, NULL, NULL, 'PAS VOTER', 8),
(940, 'FST1314173466', NULL, 'KEITA', 'Cheick Oumar', '22/05/1995', 'Bamako', NULL, NULL, NULL, NULL, 'PAS VOTER', 8),
(941, 'FST1415184173', NULL, 'KEITA', 'Moriba', '01/01/1994', 'Figuira-coro', NULL, NULL, NULL, NULL, 'PAS VOTER', 8),
(942, 'FST1617MA004056', NULL, 'KOITA', 'Bandjougou', '12/07/1997', 'Bamako', NULL, NULL, NULL, NULL, 'PAS VOTER', 8),
(943, 'FST1516MA000196', NULL, 'KOMOU', 'Mohamed Lamine', '10/07/1997', 'Bamako', NULL, NULL, NULL, NULL, 'PAS VOTER', 8),
(944, 'FST1617MA003871', NULL, 'KONE', 'Salifou', '24/09/1997', 'Bougouni', NULL, NULL, NULL, NULL, 'PAS VOTER', 8),
(945, 'FST1516FA000297', NULL, 'KONE', 'Fatoumata', '10/12/1995', 'Bamako', NULL, NULL, NULL, NULL, 'PAS VOTER', 8),
(946, 'FST1213161342', NULL, 'KONE', 'Mariam', '29/09/1994', 'koutiala', NULL, NULL, NULL, NULL, 'PAS VOTER', 8),
(947, 'FST1213164215', NULL, 'KONE', 'Sidiky', '11/12/1993', 'BAMAKO', NULL, NULL, NULL, NULL, 'PAS VOTER', 8),
(948, 'FST1617MA004009', NULL, 'KONE', 'Salika oumar', '02/08/1998', 'segou', NULL, NULL, NULL, NULL, 'PAS VOTER', 8),
(949, 'FST1617MB003770', NULL, 'KONE', 'Sekou', '01/01/1986', 'Toutiala', NULL, NULL, NULL, NULL, 'PAS VOTER', 8),
(950, 'FAST1011109333', NULL, 'KONE', 'Aissata', '06/05/1991', 'kouniana', NULL, NULL, NULL, NULL, 'PAS VOTER', 8),
(951, 'FST1617MA003985', NULL, 'MAIGA', 'Abdellah', '29/04/1998', 'BAMAKO', NULL, NULL, NULL, NULL, 'PAS VOTER', 8),
(952, 'FST1617FA003351', NULL, 'MINT MOHAMED', 'Hajarata', '01/04/1996', 'Bourem', NULL, NULL, NULL, NULL, 'PAS VOTER', 8),
(953, 'FST1314176824', NULL, 'MINTA', 'Moussa', '01/06/1995', 'MADIAMA', NULL, NULL, NULL, NULL, 'PAS VOTER', 8),
(954, 'FST1516FA000336', NULL, 'MOHAMED', 'Adam', '07/04/1998', 'Bandiagara', NULL, NULL, NULL, NULL, 'PAS VOTER', 8),
(955, 'FST1617MA003271', NULL, 'MOHOMODOU', 'HAIRADINI', '18/05/1998', 'Gao', NULL, NULL, NULL, NULL, 'PAS VOTER', 8),
(956, 'FST1617FA003887', NULL, 'OUATTARA', 'Salimata', '12/04/1997', 'Sikasso', NULL, NULL, NULL, NULL, 'PAS VOTER', 8),
(957, 'FST1516MA003072', NULL, 'SANGARE', 'Boubacar Sidiki', '23/01/1996', 'Bamako', NULL, NULL, NULL, NULL, 'PAS VOTER', 8),
(958, 'FST1516MA000092', NULL, 'SANGARE', 'SEKOU', '24/03/1995', 'SEVARE', NULL, NULL, NULL, NULL, 'PAS VOTER', 8),
(959, 'FST1617MA004040', NULL, 'SANIGO', 'Mohamed', '27/12/1997', 'Guidio-Sare', NULL, NULL, NULL, NULL, 'PAS VOTER', 8),
(960, 'fst1112146269', NULL, 'SANOGO', 'Kalifa', '14/09/1992', 'Koutiala', NULL, NULL, NULL, NULL, 'PAS VOTER', 8),
(961, 'FST1112135409', NULL, 'SIDIBE', 'Mohamed', '18/01/1993', 'BAMAKO', NULL, NULL, NULL, NULL, 'PAS VOTER', 8),
(962, 'FST1617MA003487', NULL, 'SIDIBE', 'Yaya', '01/01/1997', 'Farakan', NULL, NULL, NULL, NULL, 'PAS VOTER', 8),
(963, 'FST1617MB003795', NULL, 'SIDIBE', 'Nouhoum', '30/04/1982', 'Sikasso', NULL, NULL, NULL, NULL, 'PAS VOTER', 8),
(964, 'FST1516MA001618', NULL, 'Sininta', 'Abdou Kader', '15/05/1995', 'Bamako', NULL, NULL, NULL, NULL, 'PAS VOTER', 8),
(965, 'FST1516MA000105', NULL, 'SISSOKO', 'Baya Moussa', '26/10/1997', 'kayes', NULL, NULL, NULL, NULL, 'PAS VOTER', 8),
(966, 'FST1213155825', NULL, 'SISSOKO', 'Aissata Illo', '26/06/1994', 'bamako', NULL, NULL, NULL, NULL, 'PAS VOTER', 8),
(967, 'FST1617MA003283', NULL, 'TOGORA', 'Yaya', '07/05/1999', 'koutiala', NULL, NULL, NULL, NULL, 'PAS VOTER', 8),
(968, 'FST1314174652', NULL, 'TOUNKARA', 'Djibril', '01/01/1995', 'KITA', NULL, NULL, NULL, NULL, 'PAS VOTER', 8),
(969, 'FST1213182475', NULL, 'TOURE', 'Alassane M.', '05/04/1974', 'GAO', NULL, NULL, NULL, NULL, 'PAS VOTER', 8),
(970, 'FST1617MA003963', NULL, 'TOURE', 'Abdoul mounirou', '12/09/1999', 'Ansogo', NULL, NULL, NULL, NULL, 'PAS VOTER', 8),
(971, 'FST1617MA003478', NULL, 'TOURE', 'Mahamadou ousmane', '09/03/1997', 'Markala', NULL, NULL, NULL, NULL, 'PAS VOTER', 8),
(972, 'FST1617MA003307', NULL, 'TOURE', 'Boubacar amadou', '17/11/1996', 'Dire', NULL, NULL, NULL, NULL, 'PAS VOTER', 8),
(973, 'FST1516FA003077', NULL, 'TRAORE', 'MARIAM', '27/06/1994', 'KORO', NULL, NULL, NULL, NULL, 'PAS VOTER', 8),
(974, 'FST1314169490', NULL, 'TRAORE', 'Mariam', '13/09/1995', 'Mopti', NULL, NULL, NULL, NULL, 'PAS VOTER', 8),
(975, 'FST1516FA000306', NULL, 'TRAORE', 'Wassa', '19/08/1998', 'Mopti', NULL, NULL, NULL, NULL, 'PAS VOTER', 8),
(976, 'FST1617MA003401', NULL, 'TRAORE', 'Dramane', '15/07/1998', 'Porte Genti-Gabon', NULL, NULL, NULL, NULL, 'PAS VOTER', 8),
(977, 'FST1415198837', NULL, 'TRAORE', 'Ahamed Kono', '24/06/1996', 'Libreville', NULL, NULL, NULL, NULL, 'PAS VOTER', 8),
(978, 'FST1415186956', NULL, 'TRAORE', 'Husseine', '30/05/1996', 'bamako', NULL, NULL, NULL, NULL, 'PAS VOTER', 8),
(979, 'FST1617FA003745', NULL, 'TRAORE', 'Arkya Mahamoudou Massi', '20/01/2000', 'Bamako', NULL, NULL, NULL, NULL, 'PAS VOTER', 8),
(980, 'FST1617MA003503', NULL, 'TRAORE', 'Diakaridia', '03/08/1996', 'Dougoufing', NULL, NULL, NULL, NULL, 'PAS VOTER', 8),
(981, 'FST1617FA003777', NULL, 'TRAORE', 'Fatoumata aboubacar', '18/10/1997', 'Segou', NULL, NULL, NULL, NULL, 'PAS VOTER', 8),
(982, 'FST1112129277', NULL, 'TRAORE', 'Mohamed', '12/02/1991', 'Bamako', NULL, NULL, NULL, NULL, 'PAS VOTER', 8),
(983, 'FST1213182476', NULL, 'TRAORE', 'Ousmane Fadiala', '12/09/1980', 'Bamako', NULL, NULL, NULL, NULL, 'PAS VOTER', 8),
(984, 'FST1516MA001368', NULL, 'Wane', 'Mouhamed', '12/12/1993', 'kayes', NULL, NULL, NULL, NULL, 'PAS VOTER', 8);

-- --------------------------------------------------------

--
-- Structure de la table `election`
--

DROP TABLE IF EXISTS `election`;
CREATE TABLE IF NOT EXISTS `election` (
  `id_Election` int(11) NOT NULL AUTO_INCREMENT,
  `type_Election` varchar(50) COLLATE utf8_unicode_ci DEFAULT NULL,
  PRIMARY KEY (`id_Election`)
) ENGINE=InnoDB AUTO_INCREMENT=2 DEFAULT CHARSET=utf8 COLLATE=utf8_unicode_ci;

--
-- Déchargement des données de la table `election`
--

INSERT INTO `election` (`id_Election`, `type_Election`) VALUES
(1, 'Legislative');

-- --------------------------------------------------------

--
-- Structure de la table `etudiant`
--

DROP TABLE IF EXISTS `etudiant`;
CREATE TABLE IF NOT EXISTS `etudiant` (
  `idEtudiant` int(11) NOT NULL AUTO_INCREMENT,
  `numEtudiant` varchar(50) DEFAULT NULL,
  `scolarite` int(11) DEFAULT NULL,
  `prenom` varchar(50) NOT NULL,
  `nom` varchar(50) NOT NULL,
  `numGroupe` varchar(50) DEFAULT NULL,
  `idFiliere` int(11) DEFAULT NULL,
  `niveau` varchar(10) NOT NULL,
  `AutoFinance` varchar(50) CHARACTER SET utf8 COLLATE utf8_unicode_ci DEFAULT NULL,
  `typeCandidat` varchar(50) NOT NULL,
  `anneescolaire` varchar(50) NOT NULL,
  `idInPre` int(11) DEFAULT NULL,
  `idMEPre` int(11) DEFAULT NULL,
  `idProPre` int(11) DEFAULT NULL,
  `nummatricule` varchar(50) CHARACTER SET utf8 COLLATE utf8_unicode_ci DEFAULT NULL,
  `dateDeNaissance` date NOT NULL,
  `lieuDeNaissance` varchar(50) NOT NULL,
  `sexe` varchar(50) NOT NULL,
  `pays` varchar(50) DEFAULT 'Mali',
  `ville` varchar(50) NOT NULL,
  `quartier` varchar(50) NOT NULL,
  `rue` int(11) DEFAULT NULL,
  `porte` int(11) DEFAULT NULL,
  `telephone` varchar(50) NOT NULL,
  `email` varchar(50) NOT NULL,
  `type` varchar(50) NOT NULL,
  `nationalite` varchar(50) NOT NULL,
  `telephoneTuteur` varchar(50) DEFAULT NULL,
  `statut` varchar(50) NOT NULL DEFAULT 'Normal',
  `idEtudPreS3N` int(11) DEFAULT NULL,
  `idCandidat` int(11) NOT NULL,
  PRIMARY KEY (`idEtudiant`),
  UNIQUE KEY `1etu1NumE` (`numEtudiant`),
  KEY `fkinpre` (`idInPre`),
  KEY `fkpropree` (`idProPre`),
  KEY `fkmexpre` (`idMEPre`),
  KEY `fk_etu_fil` (`idFiliere`),
  KEY `idEtudPreS3N` (`idEtudPreS3N`)
) ENGINE=InnoDB AUTO_INCREMENT=14 DEFAULT CHARSET=latin1;

--
-- Déchargement des données de la table `etudiant`
--

INSERT INTO `etudiant` (`idEtudiant`, `numEtudiant`, `scolarite`, `prenom`, `nom`, `numGroupe`, `idFiliere`, `niveau`, `AutoFinance`, `typeCandidat`, `anneescolaire`, `idInPre`, `idMEPre`, `idProPre`, `nummatricule`, `dateDeNaissance`, `lieuDeNaissance`, `sexe`, `pays`, `ville`, `quartier`, `rue`, `porte`, `telephone`, `email`, `type`, `nationalite`, `telephoneTuteur`, `statut`, `idEtudPreS3N`, `idCandidat`) VALUES
(1, 'FST1213164232', 4, 'Aminata', 'DIALLO', 'Groupe1', 26, 'M1', 'Non', 'EtudiantAMaster1', '2016 - 2017', NULL, NULL, NULL, '12J1F06904U', '1994-11-19', 'Sikasso', 'femme', 'Mali', 'BAMAKO', 'Kalaban coro', 153, 202, '73646222', 'diallomimi94@gmail.com', 'Master Boursier', 'Mali', '76183561', 'Normal', NULL, 0),
(2, 'FST1314180099', 4, 'Aïcha', 'DEMBELE', 'Groupe1', 26, 'M1', 'Non', 'EtudiantAMaster1', '2016 - 2017', NULL, NULL, NULL, '13D1F12746U', '1994-11-26', 'segou', 'femme', 'Mali', 'bamako', 'daoudabougou', NULL, NULL, '66770360', 'dembeleaicha94@gmail.com', 'Master Boursier', 'Mali', '66717539', 'Normal', NULL, 0),
(3, 'FST1213161536', 4, 'Seydina Oumar', 'DIARRA', 'Groupe1', 26, 'M1', 'Non', 'EtudiantAMaster1', '2016 - 2017', NULL, NULL, NULL, '12N1M10497J', '1994-02-13', 'San', 'homme', 'Mali', 'Bamako', 'Faladiè', NULL, NULL, '78704434', 'seydinaoumardiarra@gmail.com', 'Master Boursier', 'Mali', '75407358', 'Normal', NULL, 0),
(4, 'FST1314173530', 4, 'Bah', 'SAMPI', 'Groupe1', 26, 'M1', 'Non', 'EtudiantAMaster1', '2016 - 2017', NULL, NULL, NULL, '13J1M05521V', '1995-04-22', 'Bamako', 'homme', 'Mali', 'Bamako', 'Doumanzana', 254, 94, '77385979', 'sampibah@yahoo.fr', 'Master Non Boursier', 'Mali', '66722706', 'Normal', NULL, 0),
(5, 'FST1314173382', 4, 'Youma', 'DIAKITE', 'Groupe1', 26, 'M1', 'Non', 'EtudiantAMaster1', '2016 - 2017', NULL, NULL, NULL, '13J1F05373C', '1996-02-28', 'bamako', 'femme', 'Mali', 'bamako', 'sikoroni', 337, 186, '77183122', 'youmadiakite336@gmail.com', 'Master Boursier', 'Mali', '75127222', 'Normal', NULL, 0),
(6, 'FST1213159939', 5, 'Fatou Madeleine', 'CAMARA', 'Groupe1', 26, 'M1', 'Non', 'EtudiantAMaster1', '2016 - 2017', NULL, NULL, NULL, '12Q1F02923F', '1994-08-20', 'BAMAKO', 'femme', NULL, 'Bamako', 'Badalabougou', 110, 154, '78129602', 'Cfatoumadeleine@yahoo.fr', 'Master Non Boursier', 'Mali', '66798874', 'Normal', NULL, 0),
(7, 'FST1314179375', 4, 'Baba Soumaïla', 'MAIGA', 'Groupe1', 26, 'M1', 'Non', 'EtudiantAMaster1', '2016 - 2017', NULL, NULL, NULL, '13E1M11983T', '1995-09-10', 'dangha', 'homme', NULL, 'Bamako', 'kalaban coura sud', 310, 428, '90852065', 'babasoumaila@gmail.com', 'Master Non Boursier', 'Mali', '76828559', 'Normal', NULL, 0),
(8, 'FST1314172990', 4, 'Abdoulaye', 'TRAORE', 'Groupe1', 26, 'M1', 'Non', 'EtudiantAMaster1', '2016 - 2017', NULL, NULL, NULL, '13J1M04981T', '1995-01-01', 'Manantali', 'homme', NULL, 'Bamako', 'Medina Coura', 14, 1626, '60619361', 'traoreabdoulaye242@gmail.com', 'Master Non Boursier', 'Mali', '75105475', 'Normal', NULL, 0),
(9, 'FST1213162026', 4, 'Daouda', 'FABE', 'Groupe1', 26, 'M1', 'Non', 'EtudiantAMaster1', '2016 - 2017', NULL, NULL, NULL, '12R1M09210H', '1995-04-23', '23 / 04 / 1995', 'homme', NULL, 'Kati', 'Kalaban coro', 734, 18, '65 77 05 79', 'fabe347@gmail.com', 'Master Non Boursier', 'Mali', '66 53 19 54', 'Normal', NULL, 0),
(10, 'FST1617HG000188', 1, 'Sory Ibrahima', 'DIARRA', 'Groupe1', 26, 'M1', 'Non', 'EtudiantNMaster1', '2016 - 2017', NULL, NULL, NULL, NULL, '1995-05-10', 'Kayes', 'homme', 'Mali', 'Bamako', 'Djélibougou', 312, 791, '76012980', 'devmsory@gmail.com', 'Master Boursier', 'Mali', '76056461', 'Normal', 2749, 0),
(11, 'FST1617FG000189', 1, 'Mama', 'DIAKITE', 'Groupe1', 26, 'M1', 'Non', 'EtudiantNMaster1', '2016 - 2017', NULL, NULL, NULL, NULL, '1995-08-07', 'Bamako', 'femme', 'Mali', 'Bamako', 'Quartier Mali', 222, 49, '79107725', 'mamadiakite8@gmail.com', 'Master Boursier', 'Mali', '76465776', 'Normal', 2750, 0),
(12, 'FST1617HG000195', 1, 'Yacouba Adama', 'KONE', 'Groupe1', 26, 'M1', 'Non', 'EtudiantNMaster1', '2016 - 2017', NULL, NULL, NULL, NULL, '1993-02-08', 'Sikasso', 'homme', 'Mali', 'Bamako', 'Faladiè Sokoro', 208, 390, '66664099', 'ykone40@gmail.com', 'Master Boursier', 'Mali', '73025770', 'Normal', 2756, 0),
(13, 'FST1617HG000196', 1, 'Laya Yibé', 'GUINDO', 'Groupe1', 26, 'M1', 'Non', 'EtudiantNMaster1', '2016 - 2017', NULL, NULL, NULL, NULL, '1993-05-25', 'Koutiala', 'homme', 'Mali', 'Bamako', '300 Logements', 123, 71, '78438597', 'layayibeguindo@gmail.com', 'Master Boursier', 'Mali', '76431498', 'Normal', 2757, 0);

-- --------------------------------------------------------

--
-- Structure de la table `parti_politique`
--

DROP TABLE IF EXISTS `parti_politique`;
CREATE TABLE IF NOT EXISTS `parti_politique` (
  `id` int(11) NOT NULL AUTO_INCREMENT,
  `sigle_parti` varchar(50) COLLATE utf8_unicode_ci NOT NULL,
  PRIMARY KEY (`id`)
) ENGINE=InnoDB AUTO_INCREMENT=18 DEFAULT CHARSET=utf8 COLLATE=utf8_unicode_ci;

--
-- Déchargement des données de la table `parti_politique`
--

INSERT INTO `parti_politique` (`id`, `sigle_parti`) VALUES
(1, 'RPM'),
(2, 'RpDM'),
(3, 'URD'),
(6, 'MUM'),
(9, 'CNID'),
(10, 'ADPMALIBA'),
(14, 'FARE ANKA WILI'),
(16, 'VOTE BLANC'),
(17, 'ARDEMA');

-- --------------------------------------------------------

--
-- Structure de la table `utilisateur`
--

DROP TABLE IF EXISTS `utilisateur`;
CREATE TABLE IF NOT EXISTS `utilisateur` (
  `idUtilisteur` int(11) NOT NULL AUTO_INCREMENT,
  `login` varchar(50) COLLATE utf8_unicode_ci DEFAULT NULL,
  `pwd` varchar(50) COLLATE utf8_unicode_ci DEFAULT NULL,
  `telephone` int(15) DEFAULT NULL,
  `name` varchar(30) COLLATE utf8_unicode_ci DEFAULT NULL,
  `role` varchar(15) COLLATE utf8_unicode_ci DEFAULT 'ADMIN',
  `id_bureau` int(11) NOT NULL,
  PRIMARY KEY (`idUtilisteur`)
) ENGINE=InnoDB AUTO_INCREMENT=20 DEFAULT CHARSET=utf8 COLLATE=utf8_unicode_ci;

--
-- Déchargement des données de la table `utilisateur`
--

INSERT INTO `utilisateur` (`idUtilisteur`, `login`, `pwd`, `telephone`, `name`, `role`, `id_bureau`) VALUES
(3, 'admin', 'admin13', 51241212, 'Lanfia Aicha', 'ADMIN', 1),
(4, 'fatou', 'fatou70', 70011818, 'Fatou Madeleine CAMARA', 'PRESIDENTB', 2),
(8, 'aicha', 'aicha76', 76770360, 'Aicha DEMBELE', 'RECEPTIONNISTE', 1),
(9, 'lanfia', 'lanfia78', 78167313, 'Lanfia TRAORE', 'PRESIDENTB', 1),
(10, 'mmesogoba', 'mmesogoba71', 71326256, 'Mme SOGOBA', 'CHEFCENTRE', 4),
(11, 'mrdiarra', 'mrdiarra66', 66770360, 'Mr DIARRA', 'CHEFCENTRE', 7),
(12, 'abdoulaye', 'abdoulaye32', 77632841, 'Abdoulaye TRAORE', 'PRESIDENTB', 6),
(13, 'ami', 'ami73', 73646222, 'Aminata DIALLO', 'PRESIDENTB', 7),
(14, 'sampi', 'sampi79', 67949445, 'Bah SAMPI', 'PRESIDENTB', 8),
(15, 'seydina', 'seydina78', 78704434, 'Seydina Oumar DIARRA', 'PRESIDENTB', 3),
(16, 'mastan', 'mastan61', 61772404, 'Mme SHEVA Mastan CISSE', 'PRESIDENTB', 4),
(17, 'daouda', 'daouda65', 65770579, 'Daouda  FABE', 'PRESIDENTB', 5),
(18, 'receptionniste1', 'receptionniste1', NULL, 'Receptionniste 1', 'RECEPTIONNISTE', 2),
(19, 'receptionniste2', 'receptionniste2', NULL, 'Receptionniste 2', 'RECEPTIONNISTE', 3);

-- --------------------------------------------------------

--
-- Structure de la table `vote`
--

DROP TABLE IF EXISTS `vote`;
CREATE TABLE IF NOT EXISTS `vote` (
  `id_Vote` int(11) NOT NULL AUTO_INCREMENT,
  `id_Candidat` text COLLATE utf8_unicode_ci NOT NULL,
  `id_Electeur` int(11) NOT NULL,
  `bureau` varchar(50) COLLATE utf8_unicode_ci DEFAULT NULL,
  PRIMARY KEY (`id_Vote`),
  UNIQUE KEY `UNIDVOTE` (`id_Electeur`)
) ENGINE=InnoDB AUTO_INCREMENT=7 DEFAULT CHARSET=utf8 COLLATE=utf8_unicode_ci;

--
-- Déchargement des données de la table `vote`
--

INSERT INTO `vote` (`id_Vote`, `id_Candidat`, `id_Electeur`, `bureau`) VALUES
(4, 'KdCIfFks6UpRQMe7dPX/JJRH9l2m7q+hRJr4YnOEeKKEqLrwDRdGy4jxc+lWP3IY5Kd3Q5aRV7Zk\nLv8SyJbXGj51MIy585YrIxLAcbB2dM51PdDmrRqOZWHFwflKqEZrODA1dIgms3wfhLrwdkrNbyNx\nWpjhLp3tDhnMmYMDwt0=\n', 1, '1'),
(5, 'adcFK9pIvKHcPmYDc33Zt58YE3Nx8vt31XLAi9IkEBIWgD6qd3OpHneXYj/7GnOw3me7ugr/evNL\nO2Q/r9JmbdPMIKhjuZkyc7DqDJsnsGBpqHpCFx9xbz3FXtPr/PMOyCo5JEaST1DbXPi5RYAXiqpe\n7L7BXjp8xuOd4lfRnFg=\n', 3, '1'),
(6, 'VTPqsSaGmtWYaCDThCiYcs6AuBJs5IuiHoS8OiWspRbZ27CcZXlQEuqaRkOcV3QFI4NviAZW56HO\nCmMQ/Lzp82B9cYHmyPePhyeHCyT2fsEtl0Ya8DuFuywDUWraIhqF2K38R/PzHAnkNz8umyXSkek3\nGPRcpgEr9moEi6unJJU=\n', 5, '1');
COMMIT;

/*!40101 SET CHARACTER_SET_CLIENT=@OLD_CHARACTER_SET_CLIENT */;
/*!40101 SET CHARACTER_SET_RESULTS=@OLD_CHARACTER_SET_RESULTS */;
/*!40101 SET COLLATION_CONNECTION=@OLD_COLLATION_CONNECTION */;
